Date,Time,Headlines,Description,Company,Ticker,headlines_polarity,description_polarity,Final_sentiment
2023-11-07,19:52:00,Cramer's Lightning Round: Cisco is a buy,"""Mad Money"" host Jim Cramer rings the lightning round bell, which means he's giving his answers to callers' stock questions at rapid speed.",Cisco,CSCO,-0.2,-0.4125,1
2023-06-15,19:33:00,Cramer's Lightning Round: Microsoft is a winner,"""Mad Money"" host Jim Cramer rings the lightning round bell, which means he's giving his answers to callers' stock questions at rapid speed.",Microsoft,MSFT,-0.2,-0.4125,1
2023-06-12,20:31:00,Cramer's Lightning Round: Teradyne is a buy,"""Mad Money"" host Jim Cramer rings the lightning round bell, which means he's giving his answers to callers' stock questions at rapid speed.",Teradyne,TER,-0.2,-0.4125,1
2023-01-20,19:37:00,Cramer's lightning round: I like Juniper Networks,"""Mad Money"" host Jim Cramer rings the lightning round bell, which means he's giving his answers to callers' stock questions at rapid speed.",Juniper Networks,JNPR,-0.2,-0.4125,1
2022-12-15,19:39:00,Cramer's lightning round: You can pick up some shares of IBM on Friday,"""Mad Money"" host Jim Cramer rings the lightning round bell, which means he's giving his answers to callers' stock questions at rapid speed.",IBM,IBM,-0.2,-0.4125,1
2022-11-28,19:30:00,Cramer's lightning round: Enphase Energy is a buy,"""Mad Money"" host Jim Cramer rings the lightning round bell, which means he's giving his answers to callers' stock questions at rapid speed.",Enphase,ENPH,-0.2,-0.4125,1
2022-11-03,19:13:00,Cramer's lightning round: I'm sticking with Nvidia,"""Mad Money"" host Jim Cramer rings the lightning round bell, which means he's giving his answers to callers' stock questions at rapid speed.",Nvidia,NVDA,-0.2,-0.4125,1
2022-10-04,19:12:00,Cramer's lightning round: Cisco is going to snap back big,"""Mad Money"" host Jim Cramer rings the lightning round bell, which means he's giving his answers to callers' stock questions at rapid speed.",Cisco,CSCO,-0.06666666666666667,-0.4125,1
2022-07-14,19:45:00,Cramer's lightning round: I wouldn't mind buying Microchip Technology down here,"""Mad Money"" host Jim Cramer rings the lightning round bell, which means he's giving his answers to callers' stock questions at rapid speed.",Microchip Technology,MCHP,-0.1777777777777778,-0.4125,1
2022-06-15,19:53:00,Cramer's lightning round: Applied Materials is a buy,"""Mad Money"" host Jim Cramer rings the lightning round bell, which means he's giving his answers to callers' stock questions at rapid speed.",Applied Materials,AMAT,-0.2,-0.4125,1
2022-06-03,19:46:00,Cramer's lightning round: I like Lam Research over Taiwan Semiconductor,"""Mad Money"" host Jim Cramer rings the lightning round bell, which means he's giving his answers to callers' stock questions at rapid speed.",Lam Research,LRCX,-0.2,-0.4125,1
2022-04-22,10:40:00,"Jim Cramer breaks down shares of Netflix, Snap, Nvidia and more","CNBC's Jim Cramer and the 'Squawk on the Street' team discuss shares of Snap, Netflix, Lululemon and more following the opening bell on Friday.",Nvidia,NVDA,0.17222222222222222,0.25,1
2021-12-08,19:16:00,Cramer's lightning round: I like Enphase Energy over EVgo,"""Mad Money"" host Jim Cramer rings the lightning round bell, which means he's giving his answers to callers' stock questions at rapid speed.",Enphase,ENPH,-0.2,-0.4125,1
2021-11-23,21:10:00,Cramer's lightning round: Only autonomous vehicle play I think about is Nvidia,"""Mad Money"" host Jim Cramer rings the lightning round bell, which means he's giving his answers to callers' stock questions at rapid speed.",Nvidia,NVDA,0.06666666666666667,-0.4125,1
2021-10-27,19:48:00,Cramer's lightning round: Amphenol Corp. is a buy,"""Mad Money"" host Jim Cramer rings the lightning round bell, which means he's giving his answers to callers' stock questions at rapid speed.",Amphenol,APH,-0.2,-0.4125,1
2021-10-18,19:15:00,Cramer's lightning round: I prefer Intuit over Mogo,"""Mad Money"" host Jim Cramer rings the lightning round bell, which means he's giving his answers to callers' stock questions at rapid speed.",Intuit,INTU,-0.2,-0.4125,1
2021-10-11,20:04:00,"Jim Cramer says Lam Research may be a 'powerful, long-term American industrial investment'",Generic Mad Money Contemplate,Lam Research,LRCX,0.15,-0.3125,1
2021-10-05,19:30:00,"Cramer says investors have a 'huge buying opportunity' in Microsoft, but be cautious with Facebook",Generic Mad Money Contemplate,Microsoft,MSFT,0.4000000000000001,-0.3125,1
2021-09-27,20:19:00,"Cramer sees opportunity to buy 'best of breed' tech giants Apple, Amazon and Salesforce",Generic Mad Money Contemplate,Salesforce,CRM,1.0,-0.3125,1
2021-09-21,19:42:00,"Facebook's actions have cost all of us, says Salesforce's Benioff",Generic Mad Money Contemplate,Salesforce,CRM,0.0,-0.3125,1
2021-09-21,18:54:00,"Charts suggest IBM shares may be poised for a rally this fall, says Jim Cramer",Generic Mad Money Contemplate,IBM,IBM,0.0,-0.3125,0
2021-08-25,19:08:00,Salesforce's Marc Benioff says CEOs have been surprised by employees' desire to work remotely,Generic Mad Money Contemplate,Salesforce,CRM,0.0,-0.3125,1
2021-08-18,18:53:00,Cramer's lightning round: Skyworks Solutions is a buy,"""Mad Money"" host Jim Cramer rings the lightning round bell, which means he's giving his answers to callers' stock questions at rapid speed.",Skyworks Solutions,SWKS,-0.2,-0.4125,1
2021-08-10,18:59:00,Cramer's lightning round: People will regret selling Skyworks Solutions,"""Mad Money"" host Jim Cramer rings the lightning round bell, which means he's giving his answers to callers' stock questions at rapid speed.",Skyworks Solutions,SWKS,-0.2,-0.4125,1
2021-08-11,13:45:00,"Onsemi, formerly ON Semiconductor, now pledges to be net-zero by 2040, CEO says",Generic Mad Money Contemplate,ON Semiconductor,ON,0.0,-0.3125,1
2021-07-28,18:36:00,"Jim Cramer calls out the 'Jimmy Chill contrarians' who bet against Alphabet, AMD, and Boeing",Generic Mad Money Contemplate,AMD,AMD,0.0,-0.3125,1
2021-07-21,19:38:00,"Biden says what others are 'afraid to say' about tech, Salesforce's Marc Benioff says",Generic Mad Money Contemplate,Salesforce,CRM,-0.6,-0.3125,1
2021-07-06,18:48:00,"Cramer reviews Nvidia, Moderna, Equifax and other top-performing stocks of the second quarter",Generic Mad Money Contemplate,Nvidia,NVDA,-0.0625,-0.3125,1
2021-06-23,19:50:00,Cramer's lightning round: First Solar stock is going to move up,"""Mad Money"" host Jim Cramer rings the lightning round bell, which means he's giving his answers to callers' stock questions at rapid speed.",First Solar,FSLR,0.024999999999999994,-0.4125,1
2021-06-22,19:25:00,Cramer's lightning round: Qualcomm is a buy here,"""Mad Money"" host Jim Cramer rings the lightning round bell, which means he's giving his answers to callers' stock questions at rapid speed.",Qualcomm,QCOM,-0.2,-0.4125,1
2021-06-16,19:27:00,"Cramer's lightning round: AMD is a buy 'right here, right now'","""Mad Money"" host Jim Cramer rings the lightning round bell, which means he's giving his answers to callers' stock questions at rapid speed.",AMD,AMD,0.1238095238095238,-0.4125,1
2021-06-15,18:40:00,Akamai CEO says security is becoming a major growth driver for the content business,Generic Mad Money Contemplate,Akamai,AKAM,0.25625,-0.3125,1
2021-05-27,18:46:00,"Salesforce's signature Dreamforce conference to be held in person this year, Benioff says",Generic Mad Money Contemplate,Salesforce,CRM,0.0,-0.3125,1
2021-05-04,19:30:00,Cramer's lightning round: Applied Materials 'is the stock to watch',"""Mad Money"" host Jim Cramer rings the lightning round bell, which means he's giving his answers to callers' stock questions at rapid speed.",Applied Materials,AMAT,-0.2,-0.4125,1
2021-04-28,19:22:00,Salesforce CEO Marc Benioff encourages employees to get vaccinated,Generic Mad Money Contemplate,Salesforce,CRM,0.0,-0.3125,1
2021-04-27,18:58:00,Cramer's lightning round: 'I am a believer in Enphase Energy',"""Mad Money"" host Jim Cramer rings the lightning round bell, which means he's giving his answers to callers' stock questions at rapid speed.",Enphase,ENPH,-0.2,-0.4125,1
2021-04-12,19:54:00,Cramer's lightning round: Cisco is going higher,"""Mad Money"" host Jim Cramer rings the lightning round bell, which means he's giving his answers to callers' stock questions at rapid speed.",Cisco,CSCO,0.024999999999999994,-0.4125,1
2021-04-12,18:50:00,Jim Cramer says Nvidia shares will 'end up looking cheap' next year as stock nears record high,Generic Mad Money Contemplate,Nvidia,NVDA,0.18666666666666668,-0.3125,2
2021-02-25,19:48:00,Nvidia CEO confident in company's growth prospects even if Arm acquisition does not happen,Generic Mad Money Contemplate,Nvidia,NVDA,0.5,-0.3125,2
2021-02-22,19:54:00,ON Semiconductor CEO expects auto chip backlog to end by third quarter,Generic Mad Money Contemplate,ON Semiconductor,ON,0.0,-0.3125,0
2021-02-08,19:28:00,Cramer's lightning round: Buy AMD,"""Mad Money"" host Jim Cramer rings the lightning round bell, which means he's giving his answers to callers' stock questions at rapid speed.",AMD,AMD,-0.2,-0.4125,1
2021-01-22,19:06:00,Cramer's lightning round: Nvidia is the chipmaker to own,"""Mad Money"" host Jim Cramer rings the lightning round bell, which means he's giving his answers to callers' stock questions at rapid speed.",Nvidia,NVDA,0.19999999999999998,-0.4125,1
2021-01-14,20:08:00,Cramer's lightning round: Salesforce is near attractive buying levels,"""Mad Money"" host Jim Cramer rings the lightning round bell, which means he's giving his answers to callers' stock questions at rapid speed.",Salesforce,CRM,0.23333333333333336,-0.4125,2
2021-01-13,19:25:00,"Cramer's lightning round: Cisco is a buy, not a sell","""Mad Money"" host Jim Cramer rings the lightning round bell, which means he's giving his answers to callers' stock questions at rapid speed.",Cisco,CSCO,-0.2,-0.4125,1
2021-01-13,18:52:00,"Intel CEO change gives investors buying opportunity in AMD, Jim Cramer says",Generic Mad Money Contemplate,"AMD, Intel","AMD, INTC",0.0,-0.3125,1
2021-01-08,20:14:00,"Micron Technology is in the 'sweet spot' of digital transformation, CEO says",Generic Mad Money Contemplate,Micron Technology,MU,0.175,-0.3125,1
2021-01-07,19:15:00,Cramer's lightning round: Autodesk is one of the best-run companies,"""Mad Money"" host Jim Cramer rings the lightning round bell, which means he's giving his answers to callers' stock questions at rapid speed.",Autodesk,ADSK,-0.2,-0.4125,1
2020-12-21,19:42:00,Cramer's lightning round: On Semiconductor 'finally got its mojo',"""Mad Money"" host Jim Cramer rings the lightning round bell, which means he's giving his answers to callers' stock questions at rapid speed.",ON Semiconductor,ON,-0.1,-0.4125,1
2020-12-17,18:53:00,"Jim Cramer says Accenture, Lennar earnings are why it's tough to be bearish",Generic Mad Money Contemplate,Accenture,ACN,-0.3888888888888889,-0.3125,0
2020-12-11,19:04:00,Cramer's lightning round: Hold onto Nvidia,"""Mad Money"" host Jim Cramer rings the lightning round bell, which means he's giving his answers to callers' stock questions at rapid speed.",Nvidia,NVDA,-0.2,-0.4125,1
2020-12-08,13:19:00,ServiceNow CEO says digital transformation is the 'opportunity of this generation',Generic Mad Money Contemplate,ServiceNow,NOW,0.0,-0.3125,1
2020-12-03,18:57:00,"Salesforce could more than double its valuation after $27.7 billion deal for Slack, Jim Cramer says",Generic Mad Money Contemplate,Salesforce,CRM,0.25,-0.3125,2
2020-12-01,18:46:00,Salesforce's Marc Benioff on goal to double revenue — 'Slack changes everything',Generic Mad Money Contemplate,Salesforce,CRM,0.0,-0.3125,2
2020-11-20,20:14:00,"Zebra Technologies plays critical role in vaccine distribution, CEO says",Generic Mad Money Contemplate,Zebra Technologies,ZBRA,0.0,-0.3125,1
2020-11-18,19:04:00,Cramer's lightning round: I love Texas Instruments,"""Mad Money"" host Jim Cramer rings the lightning round bell, which means he's giving his answers to callers' stock questions at rapid speed.",Texas Instruments,TXN,0.15,-0.4125,1
2020-11-16,20:19:00,"New acquisition provides security from hackers' view, Palo Alto Networks CEO says",Generic Mad Money Contemplate,Palo Alto Networks,PANW,0.13636363636363635,-0.3125,1
2020-11-12,19:23:00,Cramer's lightning round: Start a position in Salesforce,"""Mad Money"" host Jim Cramer rings the lightning round bell, which means he's giving his answers to callers' stock questions at rapid speed.",Salesforce,CRM,-0.2,-0.4125,1
2020-11-09,18:58:00,Cramer's lightning round: Don't bet against Palo Alto Networks,"""Mad Money"" host Jim Cramer rings the lightning round bell, which means he's giving his answers to callers' stock questions at rapid speed.",Palo Alto Networks,PANW,-0.2,-0.4125,1
2020-10-27,19:45:00,Cramer reacts to AMD-Xilinx tie-up: 'I think the stock's a steal',"""Lisa Su's trying to build a semiconductor titan with aspirations well beyond the PC, gaming and the datacenter,"" the ""Mad Money"" host said.",AMD,AMD,0.0,-0.625,1
2020-09-30,20:30:00,Salesforce expands Work.com applications to manage vaccine distribution programs,"""We are in a situation right now ... where vaccinations are one of the most important things we can do for public health,"" Salesforce CEO Marc Benioff said.",Salesforce,CRM,0.0,0.29642857142857143,1
2020-09-24,20:12:00,"Jim Cramer says Nvidia is a buy here, cites 'unstoppable' potential of Arm acquisition","""Look, the stock was at $486 before the Arm news, and it's only at $494 now. I like that risk-reward,"" CNBC's Jim Cramer said.",Nvidia,NVDA,0.0,0.0,1
2020-09-21,20:17:00,"Apple, Microsoft, Amazon and Alphabet are buys at these levels, Jim Cramer says","After a September sell-off, ""Mad Money"" host Jim Cramer says the technology giants have reached attractive valuations. ",Microsoft,MSFT,0.0,0.08750000000000002,1
2020-09-09,19:46:00,"Qorvo's guidance boost helped tech stocks roar higher, Jim Cramer says","""I expect the Apple bulls to resurface, the Zoom acolytes to speak up and the semiconductor analysts to raise numbers ... thanks to Qorvo,"" Cramer said.",Qorvo,QRVO,0.25,0.2,2
2020-08-26,21:33:00,TurboTax-parent Intuit posts 83% quarterly revenue growth as more people file taxes from home,"Intuit posted strong results after seeing a ""very unique tax season,"" CEO Sasan Goodarzi said.",Intuit,INTU,0.5,0.4604166666666667,2
2020-08-25,20:12:00,Salesforce's Marc Benioff claims a 'victory for stakeholder capitalism',"""This is a moment when we need to be thinking not just about how to serve all of our customers, but also how to take care of our communities because they are in so much pain,"" Benioff said.",Salesforce,CRM,0.0,0.2,1
2020-08-25,20:05:00,"Cramer reacts to Dow Jones additions of Salesforce, Amgen and Honeywell: 'The job's almost done'","""This rebalancing came about because of a need for more technology in this index,"" the ""Mad Money"" host said.",Salesforce,CRM,0.0,-0.0625,1
2020-08-20,20:00:00,Jim Cramer recommends Nvidia on the next dip: 'You need to buy',"""If you don't own it already, be prepared for the next dip. The next time Nvidia comes down, you need to buy,"" the ""Mad Money"" host said.",Nvidia,NVDA,0.0,-0.036111111111111115,1
2020-08-19,20:13:00,"'Semiconductors and software are really the future of cars,' Analog Devices CEO says","Autos is a ""great opportunity"" and ""great intersection between the technologies we have and the needs of the car companies,"" Analog Devices CEO Vincent Roche said.",Analog Devices,ADI,0.1,0.8,1
2020-07-28,19:29:00,Cramer's lightning round: Hold on to Intel,"""Mad Money"" host Jim Cramer rings the lightning round bell, which means he's giving his answers to callers' stock questions at rapid speed.",Intel,INTC,-0.2,-0.4125,1
2020-07-27,19:14:00,Cramer's lightning round: I don't have a reason to buy Intel,"""Mad Money"" host Jim Cramer rings the lightning round bell, which means he's giving his answers to callers' stock questions at rapid speed.",Intel,INTC,-0.2,-0.4125,1
2020-07-17,19:33:00,Cramer's lightning round: I would own Teradyne,"""Mad Money"" host Jim Cramer rings the lightning round bell, which means he's giving his answers to callers' stock questions at rapid speed.",Teradyne,TER,0.19999999999999998,-0.4125,1
2020-07-13,21:05:00,Salesforce's Marc Benioff: Face masks can end the U.S. coronavirus crisis within weeks,"Salesforce CEO Marc Benioff told CNBC's Jim Cramer that face masks can stop the coronavirus crisis in the U.S. in ""just three weeks."" The two are sponsoring a mask design challenge.",Salesforce,CRM,0.0,0.0,1
2020-06-25,19:36:00,Marc Benioff says 35 states are now using Salesforce's contact tracing technology for coronavirus,"""This is a time where every company needs to reassess its relevance to maintain its market share and innovation,"" Salesforce CEO Marc Benioff said in a ""Mad Money"" interview.",Salesforce,CRM,0.0,-0.625,1
2020-06-03,20:21:00,Cramer's lightning round: Microsoft fits the pattern of what this market wants,"""Mad Money"" host Jim Cramer rings the lightning round bell, which means he's giving his answers to callers' stock questions at rapid speed.",Microsoft,MSFT,0.0,-0.4125,1
2020-05-29,18:59:00,"Salesforce and Costco are flashing buy signals to investors, Jim Cramer says","The ""Mad Money"" host said ""history tells me that you've gotta buy them when they're weak.""",Salesforce,CRM,0.0,-0.5,1
2020-05-29,18:29:00,Cramer's lightning round: Buy AMD over Intel,"""Mad Money"" host Jim Cramer rings the lightning round bell, which means he's giving his answers to callers' stock questions at rapid speed.","AMD, Intel","AMD, INTC",-0.2,-0.4125,1
2020-05-28,18:51:00,Marc Benioff: Salesforce's deal with AT&T is one of the 'largest transactions we've ever done',"""This is a transformational opportunity for AT&T wireless,"" Salesforce CEO Marc Benioff told CNBC's Jim Cramer.",Salesforce,CRM,0.0,0.0,1
2020-05-14,21:28:00,Cisco CEO Chuck Robbins: The future post-pandemic workplace will be based on a 'hybrid model',"Cisco Systems CEO Chuck Robbins said the coronavirus pandemic will ""change things like how we think about talent in the future.""",Cisco,CSCO,0.0,0.0,1
2020-05-13,18:55:00,"Charts show Nvidia, AMD and Qualcomm have 'a lot more room to run,' Jim Cramer says","""In a market that's suddenly rolling over ... we need to circle the wagons around high-quality stocks that we can confidently buy into this newfound weakness,"" the ""Mad Money"" host said.","AMD, Nvidia, Qualcomm","AMD, NVDA, QCOM",0.5,-0.041666666666666664,0
2020-05-04,20:28:00,'She had the vision' — Salesforce's Benioff cites Rhode Island governor for contact tracing tools,Salesforce's Benioff said it was the Rhode Island governor's idea to pair contact tracing with coronavirus testing as Salesforce sought to launch Work.com.,Salesforce,CRM,0.0,0.0,1
2020-04-29,18:48:00,"Jim Cramer reacts to AMD, Starbucks, Boeing, GE and Alphabet earnings reports","The ""Mad Money"" host offered his thoughts on each companies' latest quarterly results and recommended multiple stocks for buys.",AMD,AMD,0.0,-0.041666666666666664,1
2020-04-27,21:07:00,Nvidia completes 'homerun deal' after closing $7 billion acquisition of Mellanox,"""Man, I've been dreaming about this,"" Nvidia CEO Jensen Huang told CNBC's Jim Cramer.",Nvidia,NVDA,0.0,0.0,1
2020-04-08,20:13:00,Salesforce is working to bring another load of medical gear to the US this week,"""This is a moment where business has to be the greatest platform for change,"" Salesforce CEO Marc Benioff said after donating medical gear to New York.",Salesforce,CRM,0.0,0.37878787878787873,1
2020-03-30,19:16:00,"Microsoft 'might be the best tech stock in this market,' Jim Cramer says","Demand for cloud computing services has spiked during the coronavirus outbreak and Microsoft has been a ""huge beneficiary from the lockdowns,"" the ""Mad Money"" host said.",Microsoft,MSFT,1.0,-0.11249999999999996,2
2020-03-26,18:53:00,"Micron's surprise quarter means a windfall could be in store for AMD and Nvidia, Jim Cramer says","Gaming and data demands offset weakness in other areas. Those two categories could be a boon for industry peers, the ""Mad Money"" host said.","AMD, Nvidia","AMD, NVDA",0.0,-0.375,0
2020-03-24,21:09:00,"Coronavirus 'supply shock' caused a delay in 5G rollout and guidance haircut, Skyworks Solutions CEO says","The 5G rollout is experiencing a ""pause"" and demand for the technologies will return and be met by 2021, Skyworks Solutions CEO Liam Griffin said.",Skyworks Solutions,SWKS,0.0,0.0,1
2020-02-25,19:20:00,"Intel, Caterpillar charts show Wall Street may have 'a lot more downside,' Jim Cramer says",CNBC's Jim Cramer warns of ominous signs in the stock trajectories of Caterpillar and Intel for the broader market.,Intel,INTC,0.5,0.0,1
2020-02-24,19:10:00,Cramer's lightning round: IBM is going heavily into the cloud,"""Mad Money"" host Jim Cramer rings the lightning round bell, which means he's giving his answers to callers' stock questions at rapid speed.",IBM,IBM,-0.2,-0.4125,1
2020-02-19,18:59:00,Cramer's lightning round: Lam Research 'had an unbelievable run',"""Mad Money"" host Jim Cramer rings the lightning round bell, which means he's giving his answers to callers' stock questions at rapid speed.",Lam Research,LRCX,-0.225,-0.4125,1
2020-01-27,19:16:00,"Everything Jim Cramer said on 'Mad Money,' including bond market, Adobe vs. Salesforce, sell-off buys",CNBC's Jim Cramer warns that the bond market could have a negative impact on the banking sector. He gives a list of stocks worth buying off the coronavirus-induced market sell-off.,Salesforce,CRM,-0.625,0.0,1
2020-01-27,18:59:00,"Salesforce vs. Adobe is shaping up to be a big tech rivalry, Jim Cramer says","""Lately both companies have been encroaching on each other's turf,"" CNBC's Jim Cramer says.",Salesforce,CRM,0.0,-0.2125,2
2020-01-23,18:55:00,Cramer's lightning round: Cisco Systems is a 'show-me situation',"""Mad Money"" host Jim Cramer gives his thoughts about callers' favorite stock picks of the day.",Cisco,CSCO,-0.2,-0.0625,1
2020-01-21,19:23:00,"Everything Jim Cramer said on 'Mad Money,' including Microsoft sustainability, GW Pharma CBD sales",CNBC's Jim Cramer broke down why capitalism is becoming more eco-friendly and sat down with the CEOs of Microsoft and GW Pharma.,Microsoft,MSFT,-0.625,0.1597222222222222,1
2020-01-16,18:46:00,Capitalism is 'in jeopardy' if business does not act on climate change: Microsoft CEO Satya Nadella,"""Profitable is the key word, but problems is the other key word for people and planet,"" Microsoft CEO Satya Nadella told ""Mad Money"" host Jim Cramer.",Microsoft,MSFT,0.0,-0.1875,1
2020-01-16,19:21:00,"Microsoft's plan to be carbon negative by 2030 'is not greenwash,' Jim Cramer says","""Whether or not Microsoft can save the environment, what matters is that they're making the attempt and the stock wasn't punished for it at all,"" the ""Mad Money"" host said.",Microsoft,MSFT,-0.3,-0.625,0
2020-01-13,18:56:00,Cramer's lightning round: IBM's downgrade makes no sense,"""Mad Money"" host Jim Cramer made buy and sell calls on shares of First Horizon, IBM and more stocks in Monday's lightning round.",IBM,IBM,-0.2,-0.018750000000000003,1
2019-12-20,19:03:00,"Cramer's lightning round: Microsoft is making hard to own Dropbox, Slack","""Mad Money"" host Jim Cramer rings the lightning round bell, which means he's giving his answers to callers' stock questions at rapid speed.",Microsoft,MSFT,0.036111111111111094,-0.4125,1
2019-12-18,18:58:00,Cramer's lightning round: Microsoft CEO Satya Nadella is 'doing such an amazing job',"""Mad Money"" host Jim Cramer rings the lightning round bell, which means he's giving his answers to callers' stock questions at rapid speed.",Microsoft,MSFT,0.13333333333333336,-0.4125,1
2019-12-18,07:47:00,One chart signal suggests Microsoft's mega rally could be coming to an end,"Microsoft is on a rocketship this year, but its stock charts indicate it could come back down to Earth soon.",Microsoft,MSFT,0.0,-0.07777777777777779,0
2019-12-17,18:34:00,"Shopify, Nvidia and PayPal shares all have 'more room to run,' Jim Cramer says","The ""Mad Money"" host goes off the charts to explain why investors may want to buy Shopify, Nvidia or PayPal on any weakness.",Nvidia,NVDA,0.5,-0.625,1
2019-12-05,19:42:00,"Everything Jim Cramer said on 'Mad Money,' including China trade fears, Salesforce co-CEO","CNBC's Jim Cramer says China is a ""much smaller issue than most people seem to realize,"" chats with Salesforce co-CEO Keith Block after the cloud company's earnings and offers stock buying advice to callers.",Salesforce,CRM,-0.625,0.19999999999999998,1
2019-12-03,18:35:00,Salesforce co-CEO Keith Block downplays profit forecastguidance cut: 'Business looks strong',"""We had a great quarter. We have a lot of success,"" Salesforce co-CEO Keith Block tells Jim Cramer.",Salesforce,CRM,0.4333333333333333,0.55,1
2019-11-19,19:53:00,"Everything Jim Cramer said on 'Mad Money,' including trade hits to tech stocks, Salesforce CEO interview","CNBC's Jim Cramer advises investors not to give up software-as-a-service plays, despite boiling trade tensions. The ""Mad Money"" host sits down for interviews with executives of Salesforce, Square and RH.",Salesforce,CRM,-0.625,-0.3902777777777778,1
2019-11-19,18:35:00,Salesforce's Marc Benioff introduces Customer 360 Truth: The 'computer science holy grail',"""Now we're entering the fourth stage of computing. It's the pursuit of [the stage known as] single source of truth, and we've built that into our platform,"" Marc Benioff tells CNBC's Jim Cramer.",Salesforce,CRM,0.0,-0.03571428571428571,1
2019-11-14,20:19:00,"Everything Jim Cramer said on 'Mad Money,' including Cisco's quarter, Viacom CEO, trade war divides","CNBC's Jim Cramer breaks down how Cisco's stock woes reflect other tech stocks, sits down with Viacom CEO Bob Bakish to talk streaming and the merger with CBS, and explains why the U.S.-China trade war could be at risk of dragging for years.",Cisco,CSCO,-0.625,-0.14537037037037037,0
2019-11-14,18:43:00,"Jim Cramer: Cisco, enterprise tech stocks 'turned into market punching bags'","""The market wants nothing to do with tech companies that serve the enterprise, but ... it loves the consumer,"" the ""Mad Money"" host says.",Cisco,CSCO,0.0,-0.2125,1
2019-11-08,18:53:00,Cramer's lightning round: Microsoft is on its way to $150,Jim Cramer takes stock questions from and gives his thoughts to military members at the U.S. Airforce Academy in Colorado in a special version of the lightning round.,Microsoft,MSFT,-0.2,0.019047619047619035,1
2019-11-07,18:47:00,"Qorvo's strong quarter 'breathed new life' into chipmakers, 5G plays, Jim Cramer says","""After selling off over the summer, these 5G stocks they're back and they're better than ever,"" Jim Cramer said Thursday on ""Mad Money.""",Qorvo,QRVO,0.2848484848484848,-0.041666666666666664,1
2019-10-29,18:55:00,Zebra Technologies CEO: We're moving more supply chains out of China as new tariffs loom,"""They're going into existing facilities, so we think the start-up issue should be minimal,"" CEO Anders Gustafsson says.",Zebra Technologies,ZBRA,0.3181818181818182,-0.1,2
2019-10-29,11:06:00,"Everything Jim Cramer said on 'Mad Money,' including S&P 500 highs, Microsoft JEDI contract, consumer","CNBC's Jim Cramer breaks down what's driving the market toward all-time highs, explains what the $10 billion JEDI contract means for Microsoft's cloud services and lays out the signs of the strong consumer economy.",Microsoft,MSFT,-0.625,0.13888888888888884,0
2019-10-28,19:13:00,"JEDI contract means a lot more for Microsoft than for Amazon, Jim Cramer says","""The Pentagon's basically saying that Microsoft's cloud platform is just as good as Amazon's, or at least close enough for government work,"" Jim Cramer says.",Microsoft,MSFT,0.5,0.13333333333333333,1
2019-10-23,20:50:00,"Everything Jim Cramer said on 'Mad Money,' including earnings, CSX and ServiceNow CEOs","Jim Cramer breaks down the week in earnings reports, gets an update on CSX's precision railroading strategy with CEO Jim Foote, gets a read on the digital transformation story with ServiceNow and makes recommendations in chipmakers and medtech.",ServiceNow,NOW,-0.625,-0.07777777777777779,1
2019-10-23,19:51:00,"ServiceNow CEO: Businesses still spending on digital despite Brexit, macro headwinds","""Cross-functional workflow is the wave of the future. That's what digitization enables,"" outgoing ServiceNow CEO John Donahoe tells CNBC's Jim Cramer.",ServiceNow,NOW,0.0,0.0,1
2019-10-18,19:13:00,"Let's swap Netflix for Microsoft, Jim Cramer says in FAANG audit","CNBC's Jim Cramer says it's time to retire ""FAANG"" to make way for a new name that represents the five most valuable technology stocks on the S&P 500.",Microsoft,MSFT,0.0,0.3181818181818182,2
2019-10-16,18:48:00,Salesforce's Marc Benioff on the future of Big Tech: 'Capitalism needs guardrails',"""Capitalism needs guardrails. ... That's a very important part of the future of technology as well,"" Salesforce co-CEO Marc Benioff tells CNBC's Jim Cramer.",Salesforce,CRM,0.0,0.26,1
2019-09-23,16:04:00,Zscaler CEO shrugs off Palo Alto Networks: 'They feel the pain and they try to attack everyone',"Zscaler CEO Jay Chaudhry tells Jim Cramer the company is ""very bullish"" about its prospects, despite competition for clients from Palo Alto Networks.",Palo Alto Networks,PANW,0.0,0.2,2
2019-09-17,20:16:00,"Everything Jim Cramer said on 'Mad Money,' including Fed meeting, Microsoft and Apple, Pelosi","Jim Cramer explains what to expect from the Federal Reserve's September meeting, why Microsoft and Apple's stock could soon pop, and his wide-ranging interview with House Speaker Nancy Pelosi.",Microsoft,MSFT,-0.625,0.0,1
2019-09-17,18:39:00,"Charts show Microsoft, Apple may be ready to surge and take Wall Street to new heights: Jim Cramer","Jim Cramer takes a look at chart analysis of Apple and Microsoft by Stock Market Mentor founder and technician Dan Fitzpatrick, who sees bullish signs in the stocks.",Microsoft,MSFT,0.16818181818181818,0.0,2
2019-08-27,19:06:00,Cramer's lightning round: Discipline says sell some of the hot Enphase stock,"""Mad Money"" host Jim Cramer rings the lightning round bell, which means he's giving his answers to callers' stock questions at rapid speed.",Enphase,ENPH,0.024999999999999994,-0.4125,1
2019-08-26,13:31:00,"Digital wave and values-based business are driving Salesforce's growth, CEO says","Companies want to know our values and if they work with us, ""they want to be aligned with those values,"" Salesforce co-CEO Keith Block says.",Salesforce,CRM,0.0,0.0,2
2019-08-20,14:06:00,Cramer's lightning round: The reason investors should own Microsoft,"""Mad Money"" host Jim Cramer rings the lightning round bell, which means he's giving his answers to callers' stock questions at rapid speed.",Microsoft,MSFT,0.19999999999999998,-0.4125,1
2019-08-05,21:41:00,Cramer Remix: Why Microsoft is the best of the large-cap stocks,Jim Cramer explains that Microsoft is the one to buy of the large cap stocks due to its little China exposure and its recent quarter.,Microsoft,MSFT,1.0,-0.02455357142857143,1
2019-07-29,19:24:00,Cramer's lightning round: Red Hat's Jim Whitehurst is 'changing the culture' at IBM,Jim Cramer takes calls and delivers his thoughts about callers' stock picks of the day.,IBM,IBM,-0.1,0.0,1
2019-07-18,19:25:00,Cramer: IBM earnings prove the company paid the right price for Red Hat,"""It was a competitive situation, people, so IBM paid what they had to pay to get the job done,"" Jim Cramer says.",IBM,IBM,0.14285714285714285,0.0,1
2019-07-09,19:25:00,CEO Ginni Rometty: Red Hat's open-source software 'is a play that helps all of IBM',"IBM will unlock growth by expanding its new Red Hat subsidiary services across the globe, CEO Ginni Rometty tells Jim Cramer.",IBM,IBM,0.0,0.06818181818181818,2
2019-07-01,19:18:00,Cramer's lightning round: Why own Intel when you can own AMD?,Jim Cramer takes calls and delivers answers to viewer stock picks in rapid speed.,"AMD, Intel","AMD, INTC",0.3333333333333333,0.0,1
2019-06-11,19:17:00,Tableau CEO breaks down how the company will operate within Salesforce,"""Our engineers can't wait to pop the hood on those and check out what things that we might use on behalf of our customers,"" CEO Adam Selipsky says.",Salesforce,CRM,-0.15555555555555559,0.0,1
2019-06-10,19:22:00,Salesforce's Marc Benioff defends Tableau deal: They 'didn't want our cash',"""Tableau didn't want our cash — they wanted our equity, because they know that the real value here is in the company that we're creating together,"" Benioff tells Jim Cramer in an interview.",Salesforce,CRM,0.0,0.2,1
2019-06-07,16:17:00,"Salesforce CEO supports probing big tech, says tech must 'get the values straight'","""We are at a point in our industry where enough is enough,"" Marc Benioff says. We must ""get the values straight with these tech companies.""",Salesforce,CRM,0.1,0.06666666666666667,1
2019-06-05,09:54:00,Salesforce's Benioff: 'Massive' digital transformation is driving our growth,"The digital customer transformation ""is as big as Y2K was for the tech industry,"" CEO Marc Benioff says.",Salesforce,CRM,0.0,0.0,1
2019-05-31,19:17:00,"IBM CEO: AI-driven jobs are coming, and businesses need to prepare a new generation of workers","""We build these technologies so I think we have a responsibility … to prepare society for these technologies,"" CEO Ginni Rometty says.",IBM,IBM,0.13636363636363635,0.0,2
2019-05-19,15:25:00,"Nvidia CEO doesn't expect China to block $7 billion takeover of Mellanox, despite trade tensions",Nvidia CEO Jensen Huang tells Jim Cramer why the chipmaker won't be impacted by tariffs on Chinese imports.,Nvidia,NVDA,0.0,0.0,0
2019-05-14,18:56:00,Cramer's lightning round: We're late to the Qualcomm party — Not here,"It's that time again! ""Mad Money"" host Jim Cramer rings the lightning round bell, which means he's giving his answers to callers' stock questions at rapid speed.",Qualcomm,QCOM,-0.25,-0.4125,1
2019-05-09,20:45:00,Cramer's lightning round: Zebra Technologies is a kind of fast grower we like,"It's that time again! ""Mad Money"" host Jim Cramer rings the lightning round bell, which means he's giving his answers to callers' stock questions at rapid speed.",Zebra Technologies,ZBRA,0.19999999999999998,-0.4125,1
2019-05-01,19:49:00,"AMD CEO: With new products launching, 2019 is a 'growth year'","""As we go three to five years forward, we have a lot of things in the hopper,"" CEO Lisa Su said.",AMD,AMD,0.13636363636363635,0.0,2
2019-04-25,19:08:00,Cramer's lightning round: This stock can benefit from Intel's pullback,Jim Cramer zips through his responses to callers' favorite stock picks in the lightning round.,Intel,INTC,-0.2,0.15,1
2019-04-24,19:49:00,"Don't wait for the 'all clear' on chip sales to make a bet on Texas Instruments, Cramer says",Jim Cramer is warning investors not to miss out on easy gains by waiting until the end of the semiconductor cycle to buy Texas Instruments.,Texas Instruments,TXN,0.10000000000000002,0.43333333333333335,0
2019-04-08,21:02:00,"Cramer: Setbacks in Apple, Nvidia, McCormick have been 'terrific' buying opportunities",Jim Cramer explains why stockholders of household names should not be too quick to pull the trigger when they hit a rough patch.,Nvidia,NVDA,0.0,0.11666666666666665,1
2019-03-04,22:06:00,Salesforce co-CEO Benioff says $30 billion in revenue is 'right around the corner',Salesforce co-CEO Marc Benioff tells Jim Cramer how three computing trends are driving growth at the cloud software company.,Salesforce,CRM,0.2857142857142857,0.0,1
2019-02-15,19:36:00,Cramer Remix: This single statement by Nvidia speaks volumes,Jim Cramer seconds Nvidia's call for more computing and explains why investors have reason to believe in the stock's bottom.,Nvidia,NVDA,-0.07142857142857142,0.5,1
2019-02-15,19:28:00,Cramer: Why investors can trust that Nvidia's stock is bottoming,Jim Cramer ticks down the reasons why he believes Nvidia's call that its weakest end markets are turning positive.,Nvidia,NVDA,0.0,0.03585858585858584,1
2019-01-29,19:12:00,Cramer Remix: Don't jump the gun—Nvidia's stock isn't done falling,Jim Cramer breaks down the action in the chipmaker's shares and explains how to spot a better buying opportunity.,Nvidia,NVDA,0.0,0.14814814814814814,0
2019-01-22,19:02:00,Cramer's lightning round: I'm blessing a small position in Nvidia here,"Jim Cramer tears through his responses to callers' stock questions, including one on a former Wall Street darling.",Nvidia,NVDA,-0.225,0.0,1
2019-01-10,18:50:00,"Intel has the biggest addressable market it's ever seen, says company's interim CEO",Jim Cramer sits down with Intel's interim CEO and permanent CFO Bob Swan to get his take on the technology giant's future.,Intel,INTC,0.0,-0.051851851851851864,0
2019-01-08,23:11:00,"Apple CEO Tim Cook rips into Qualcomm, leaves little chance of a settlement in patent dispute",Qualcomm and CEO Steve Mollenkopf have repeatedly said the company expects to settle the dispute with Apple outside of court.,Qualcomm,QCOM,-0.1875,0.0,0
2019-01-04,19:02:00,Cramer's lightning round: 'Do some trimming' in Qualcomm if the stock rallies,"Jim Cramer rattles off his responses to callers' stock questions, including one on a technology company with ties to China.",Qualcomm,QCOM,-0.2,0.0,1
2018-12-10,19:05:00,Cramer's lightning round: Cisco is currently the cheapest large-cap tech stock,"Jim Cramer rattles off his responses to callers' stock questions, including one on tech giant Cisco Systems.",Cisco,CSCO,-0.1,0.0,1
2018-12-07,19:42:00,"Cramer: Buy shares in cloud plays Salesforce, Splunk, VMware, Workday on downturns",Jim Cramer recommends scaling into the stocks of cloud companies with strong fundamentals when the stock market drops.,Salesforce,CRM,0.0,0.4333333333333333,1
2018-11-29,12:06:00,"We have the first-mover advantage in 5G, Qualcomm CEO says",Jim Cramer and Qualcomm CEO Steve Mollenkopf discuss the future of 5G cellular service and its effect on the cellular industry as a whole.,Qualcomm,QCOM,0.0,0.1,2
2018-11-29,19:28:00,Qualcomm CEO: We're 'on the doorstep' of a resolution with Apple,Jim Cramer gets more on the Qualcomm-Apple dispute with Qualcomm CEO Steve Mollenkopf.,Qualcomm,QCOM,0.0,0.5,0
2018-11-28,12:05:00,"Salesforce has never been stronger or in a better position than it is now, CEO says after earnings",Jim Cramer hears from Salesforce.com CEO Marc Benioff after the software giant's third-quarter earnings report.,Salesforce,CRM,0.5,0.0,2
2018-11-16,19:08:00,Cramer: Don't buy shares of Nvidia—the chipmaker is in the penalty box for now,Jim Cramer tells investors to steer clear of Nvidia's stock as it hovers near its 52-week lows.,Nvidia,NVDA,0.0,0.1,1
2018-11-14,19:27:00,Cisco CEO 'optimistic that we'll get some resolution' on US-China trade dispute,Jim Cramer hears from Cisco Systems Chairman and CEO Chuck Robbins about how his networking hardware giant is faring in a time of trade war.,Cisco,CSCO,0.0,0.0,1
2018-11-12,19:04:00,Cramer's lightning round: How investors should approach the 'best-in-show' stock of Nvidia,"Jim Cramer hosts a special Veterans Day edition of the lightning round, taking current and former U.S. Armed Forces members' stock questions.",Nvidia,NVDA,-0.2,0.039285714285714285,1
2018-11-07,19:08:00,Cramer's lightning round: Cisco's stock is a buy 'right here',"Jim Cramer flies through his take on callers' favorite stocks, including a Silicon Valley giant that his charitable trust is eyeing.",Cisco,CSCO,0.042857142857142844,0.3666666666666667,1
2018-11-06,10:25:00,Cramer: Pay attention to recent insider buying at GE and IBM,"Jim Cramer suggests investors take note of recent insider buying at IBM and GE, along with corporate buybacks at Apple and Berkshire Hathaway.",IBM,IBM,0.0,0.0,1
2018-11-02,20:11:00,Cramer's lightning round: It's time to buy the stock of Microsoft,"Jim Cramer says it's time to buy Microsoft on its ""great"" earnings report after tech-sector weakness pulled its shares lower.",Microsoft,MSFT,-0.2,0.8,0
2018-10-29,19:05:00,IBM CEO: Red Hat deal is a 'game-changer' that will grow cash flow and gross margins in first year,Jim Cramer sits down with the CEOs of IBM and Red Hat after a blockbuster deal between the two cloud companies.,IBM,IBM,0.08333333333333333,-0.07777777777777779,1
2018-10-24,19:10:00,Cramer Remix: One line in AMD's earnings report was enough to hurt the stock,Jim Cramer breaks down the rationality behind AMD's post-earnings decline.,AMD,AMD,0.0,-0.2777777777777778,0
2018-10-22,19:14:00,Cramer's charts suggest shares of the downtrodden IBM are 'ready to roar higher',"Jim Cramer and technician Larry Williams inspect the charts of IBM, which seem to show the beleaguered tech stock on the cusp of a rally.",IBM,IBM,0.225,0.0,1
2018-10-18,18:58:00,"Cramer's 5 favorite tech stocks right now, including Apple, Salesforce and Adobe","Jim Cramer reveals his top ""power"" players in the information technology space, including consumer tech plays, software giants and a fintech kicker.",Salesforce,CRM,0.39285714285714285,0.5,1
2018-10-15,19:02:00,Cramer's lightning round: Cisco's stock is a buy ahead of the company's earnings report,"Jim Cramer zips through his take on callers' favorite stocks, including a technology hardware giant in the throes of marketwide weakness.",Cisco,CSCO,-0.2,0.25,1
2018-10-03,18:55:00,"Cramer: Between Western Digital and Micron, Micron's stock is the one worth owning",Jim Cramer breaks down the declines in shares of chipmakers Western Digital and Micron and explains why he thinks Micron is more valuable.,Western Digital,WDC,0.09999999999999999,0.08611111111111111,1
2018-10-02,18:58:00,Cramer: Charts show 'old-school' chip stocks like Intel ready to roar,Jim Cramer and Carolyn Boroden inspect the charts of some key semiconductor stocks and determine that investors may see quicker gains by buying the more established plays.,Intel,INTC,0.2,0.25,2
2018-09-28,19:12:00,"ServiceNow CEO: We want work technology to be just as easy as eBay, PayPal, Uber","Jim Cramer sits down with ServiceNow President and CEO John Donahoe to hear how the leader of the ""cloud king"" is trying to simplify the way we do work.",ServiceNow,NOW,0.43333333333333335,-0.15555555555555559,1
2018-09-27,19:24:00,Cisco CEO says Silicon Valley companies 'have to care' about issues like homelessness,Jim Cramer gets an exclusive read on Cisco Systems' recent projects and deals in an interview with Chairman and CEO Chuck Robbins.,Cisco,CSCO,0.0,0.0,1
2018-09-26,08:35:00,Salesforce CEO on Apple partnership: 'I have Apple in my veins',"Jim Cramer sits down with Salesforce.com chief Marc Benioff, who speaks to his company's newly forged deal with Apple.",Salesforce,CRM,0.0,-0.009595959595959616,1
2018-09-11,19:05:00,Cramer's lightning round: Don't block the 'freight train' that is Skyworks Solutions' stock,"Jim Cramer zips through his take on callers' favorite stocks, including a chipmaker that's having trouble picking up the pieces.",Skyworks Solutions,SWKS,-0.2,0.15,0
2018-09-11,19:00:00,Cramer pinpoints the key to AMD's success: Its massive end market,"Jim Cramer breaks down what's going right at Advanced Micro Devices, a semiconductor company going up against Intel and Nvidia.",AMD,AMD,0.09999999999999999,0.17671957671957672,2
2018-09-04,19:06:00,Cramer apologizes for his Autodesk call: It was 'a huge mistake',Jim Cramer admits he misjudged the stock of Autodesk and issues apologies to the company's management and investors.,Autodesk,ADSK,0.4000000000000001,0.0,1
2018-08-24,17:04:00,"It will take Intel years to fix its chipmaking process and AMD will benefit, analyst says","As Intel struggles to fix its chipmaking process, semiconductor company Advanced Micro Devices will continue gaining market share, Wall Street analyst Hans Mosesmann told CNBC on Friday.","AMD, Intel","AMD, INTC",0.0,0.4,1
2018-08-22,11:07:00,Cramer: Cisco's latest quarter proves shift to software is working,Jim Cramer says that Cisco's fourth quarter is finally bearing the fruit from CEO Chuck Robbins' plan for the company.,Cisco,CSCO,0.4,0.0,1
2018-07-30,19:06:00,Cramer says NXP Semiconductors is a buy despite failed Qualcomm deal,Jim Cramer argues that NXP Semiconductors' prospects are still intact after Qualcomm dropped its bid for the chipmaker.,"NXP Semiconductors, Qualcomm","NXPI, QCOM",-0.5,0.0,0
2018-07-30,18:57:00,"Cramer flags the 'clear winners' of earnings season: AMD, Microsoft, Amazon and Alphabet",Jim Cramer highlights the companies that wowed analysts and investors with their mid-2018 earnings results.,"AMD, Microsoft","AMD, MSFT",0.10000000000000002,0.0,1
2018-07-19,18:11:00,"Microsoft's 17 percent revenue growth is not sustainable, says CFRA Research's Kessler",Kevin Landis of Firsthand Capital Management and Scott Kessler of CFRA research join the 'Closing Bell' crew to discuss Microsoft's Q2 earnings announcement and its Github acquisition. ,Microsoft,MSFT,0.0,0.0,2
2018-07-18,18:55:00,"Big banks like Deutsche choose IBM to run their blockchain for 3 reasons, IBM executive says","Jim Cramer sits down with Martin Schroeter, senior vice president of IBM global markets, who says IBM is a leading choice for blockchain implementation among international companies.",IBM,IBM,0.0,-0.051851851851851864,1
2018-06-21,18:54:00,Okta CEO explains why his cybersecurity company has a leg up on big-name tech giants like Microsoft,"Jim Cramer hears from Okta co-founder, Chairman and CEO Todd McKinnon about his cybersecurity company's prospects.",Microsoft,MSFT,0.0,0.0,1
2018-06-21,18:52:00,"Cramer: CEO change aside, Intel's stock is too cheap at these levels",Jim Cramer backs the stock of Intel despite Thursday's unexpected leadership change at the chipmaker.,Intel,INTC,0.4,0.1,1
2018-06-15,19:01:00,Cramer Remix: The Qualcomm-NXP deal could signal what’s next for trade,Jim Cramer reveals how the moves in NXP Semiconductors and Qualcomm could hint at what’s to come in the U.S.-China trade battle.,Qualcomm,QCOM,0.0,0.0,1
2018-06-12,18:53:00,"Cisco CEO says new Google Cloud partnership 'plays an enormous role' in security, policy",Jim Cramer gets Cisco Systems Chairman and CEO Chuck Robbins' take on his computer hardware company's latest venture with Alphabet's Google.,Cisco,CSCO,0.06818181818181818,0.5,1
2018-06-07,13:51:00,Qualcomm CEO on 'hostile' Broadcom bid: You have to engage with companies 'through the front door',"Jim Cramer gets the latest on Qualcomm's bid for NXP Semiconductors, its dispute with Apple and the failed Broadcom deal from CEO Steven Mollenkopf.",Qualcomm,QCOM,0.0,0.0,0
2018-06-06,02:31:00,Former SoftBank and Google exec Nikesh Arora talks taking over Palo Alto Networks with outgoing CEO,Jim Cramer hears from Palo Alto Networks' incoming CEO Nikesh Arora and outgoing CEO Mark McLaughlin as he prepares to step down.,Palo Alto Networks,PANW,0.0,-0.15555555555555559,1
2018-05-29,19:34:00,Salesforce CEO Marc Benioff: The economy is really ripping,"Jim Cramer sits down with Salesforce founder, Chairman and CEO Marc Benioff to discuss the company's earnings results.",Salesforce,CRM,0.2,-0.15555555555555559,1
2018-05-23,19:57:00,Cramer's charts suggest investors buy Akamai and sell Walmart,Jim Cramer and technician Marc Chaikin find clear buy and sell signals in the charts of Akamai Technologies and Walmart.,Akamai,AKAM,0.0,0.10000000000000002,1
2018-05-11,19:54:00,Cramer: Forget Nvidia's slowing crypto franchise—this best-in-show stock is a buy,Jim Cramer reiterates his bullish call on Nvidia after the chipmaking giant's earnings report.,Nvidia,NVDA,0.0,0.0,2
2018-04-27,18:59:00,Cramer Remix: Microsoft and Intel could rule the world again,Jim Cramer says tech earnings put him into a time machine going back to the 1990s when “Wintel” reigned supreme.,"Intel, Microsoft","INTC, MSFT",0.0,0.0,0
2018-04-19,19:16:00,"Cramer tracks the 'very close' race to $1 trillion between Apple, Amazon, Alphabet and Microsoft",Jim Cramer examines four massive tech giants to see which one is most likely to win the race to a $1 trillion in market cap.,Microsoft,MSFT,0.2,0.325,2
2018-04-18,18:59:00,Cramer Remix: Wall Street’s big problem with IBM’s stock,Jim Cramer clarifies what money managers are expecting from tech giant IBM in order for the stock to be successful.,IBM,IBM,0.0,0.375,1
2018-04-18,19:02:00,Cramer's lightning round: Qualcomm needs to resolve its slew of issues,"Jim Cramer rattles off his take on callers' favorite stocks, including a technology play making headlines.",Qualcomm,QCOM,-0.2,0.5,1
2018-04-09,19:00:00,Cramer's lightning round: AMD's bitcoin-driven decline doesn't make sense,"Jim Cramer zips through his take on callers' favorite stocks, including a semiconductor play tied to cryptocurrencies.",AMD,AMD,-0.2,0.5,0
2018-03-29,19:26:00,Nvidia CEO Jensen Huang: Uber accident made us realize the importance of self-driving tech,"Jim Cramer gets Nvidia founder, President and CEO Jensen Huang's take on the recent fatal accident with an Uber self-driving vehicle.",Nvidia,NVDA,0.0,0.0,1
2018-03-29,19:46:00,"Nvidia CEO Jensen Huang: Cryptocurrency is here to stay, will be an 'important driver' for business","Jim Cramer hears from Nvidia founder, President and CEO Jensen Huang in a wide-ranging interview on cryptocurrency, self-driving cars and Nvidia's graphics business.",Nvidia,NVDA,0.4,0.0,1
2018-03-27,19:32:00,Cramer: Nvidia and Twitter's stocks are the best examples of the unforgiving market,Jim Cramer uses the stocks of Nvidia and Twitter to explain the stock market's treacherous condition.,Nvidia,NVDA,1.0,0.0,1
2018-03-15,19:22:00,Our Samsung acquisition opened up a $55 billion market: HP Inc CEO,Jim Cramer sits down with HP Inc. CEO Dion Weisler to gauge the state of the PC and printing markets.,HP Inc.,HPQ,0.0,-0.15555555555555559,2
2018-03-15,19:21:00,"Intel CEO bucks Broadcom rumors: 'We're heads down' on Altera, Mobileye acquisitions","Jim Cramer sits down with Intel CEO Brian Krzanich to discuss developments at Intel, including a recent security flaw and takeover rumors.",Intel,INTC,-0.15555555555555559,-0.07777777777777779,1
2018-03-14,19:01:00,Cramer Remix: Blast from the past Akamai is in a sweet spot for buying,Jim Cramer circles back to a formerly red-hot tech stock making a big turnaround.,Akamai,AKAM,0.04999999999999999,0.0,0
2018-03-12,19:23:00,Cramer: Micron's strength means Intel is a buy,Jim Cramer tracks intersecting trends in the technology space and makes a recommendation based on the strength of one chipmaker.,Intel,INTC,0.0,0.0,1
2018-03-07,19:03:00,Cramer's lightning round: Microsoft is one of my absolute favorite stocks,"Jim Cramer fires off his take on callers' favorite stocks, including that of a popular technology company.",Microsoft,MSFT,0.16666666666666666,0.55,1
2018-02-28,19:20:00,Companies that don't value trust will 'pay a terrible price': Salesforce CEO Marc Benioff,"Jim Cramer sits down with Salesforce founder, Chairman and CEO Marc Benioff, who shares his perspective on the future of tech.",Salesforce,CRM,-1.0,-0.07777777777777779,1
2018-02-28,19:19:00,Salesforce CEO Marc Benioff: Our $20 billion revenue target just became that much more attainable,"Jim Cramer sits down with Salesforce founder, Chairman and CEO Marc Benioff to discuss the company's earnings results.",Salesforce,CRM,0.5,-0.15555555555555559,1
2018-02-27,19:10:00,"Cramer Remix: Even on down days, HP Inc. and Hewlett Packard Enterprise continue to win",Jim Cramer highlights the growth behind HP Inc. and Hewlett Packard Enterprise.,Hewlett Packard Enterprise,HPE,0.32222222222222224,-0.4,0
2018-02-08,19:23:00,Cramer Remix: Your strategy for the stock of Nvidia in a volatile market,Jim Cramer breaks down his thoughts on Nvidia after earnings.,Nvidia,NVDA,0.0,-0.15555555555555559,0
2018-02-01,18:45:00,"Cramer pinpoints 4 stocks 'on a mission' to higher prices: Boeing, Mastercard, Idexx and Nvidia","Jim Cramer predicts that shares of Boeing, Mastercard, Idexx Laboratories and Nvidia could all hit lofty price targets in the near future.",Nvidia,NVDA,0.25,0.05,1
2018-01-19,19:05:00,Cramer's lightning round: Buy Cisco before its quarterly earnings report,"Jim Cramer shared his take on callers' favorite stocks, including a high-profile tech name about to report earnings.",Cisco,CSCO,-0.2,0.5,1
2018-01-18,19:20:00,"IBM executive says blockchain 'creates a lot of value' for manufacturers, retailers","Jim Cramer spoke with IBM's Martin Schroeter after earnings to hear his take on blockchain, bitcoin and the new tax law.",IBM,IBM,0.0,0.13636363636363635,1
2018-01-16,19:34:00,"Cramer's charts suggest Amazon, Alphabet, Netflix and Nvidia's stocks might be about to pull back",Jim Cramer examined the tech titans' weekly stock charts to determine if it's time for investors to take some profits.,Nvidia,NVDA,0.0,0.0,1
2017-12-15,19:04:00,Cramer's lightning round: Buy Cisco when it goes below $38,"Jim Cramer shared his take on callers' favorite stocks at lightning speed, including one high-profile tech name.",Cisco,CSCO,-0.2,0.5,1
2017-12-06,19:22:00,Cramer investigates Autodesk's weakness to see if the software stock is worth buying,Jim Cramer surveyed Autodesk's recent pullback after earnings to see if it's a buying opportunity or the beginnings of a broken stock.,Autodesk,ADSK,0.3,-0.2,1
2017-11-17,20:36:00,"Applied Materials CEO: 'The future of competition' is changing, and it's fueling our business",Jim Cramer caught up with Applied Materials President and CEO Gary Dickerson about his company's role in A.I. and big data.,Applied Materials,AMAT,0.0,0.0,1
2017-11-16,19:00:00,Cramer Remix: Warren Buffett selling IBM could be a sign it’s on the cusp of a turn,"Jim Cramer said the old-school tech company could be ready to make a comeback, despite the moves of Warren Buffett.",IBM,IBM,0.0,0.2,1
2017-11-16,19:08:00,Cramer: Thank Wal-Mart and Cisco's CEOs for their upside earnings surprises,Jim Cramer gave kudos to the CEOs of Wal-Mart and Cisco for their turnaround stories after better-than-expected earnings reports.,Cisco,CSCO,0.0,0.0,2
2017-11-09,19:21:00,"Cramer lists his top cybersecurity stock picks, including struggling Palo Alto Networks",Jim Cramer went over his top stock picks in the secular growth space of cybersecurity.,Palo Alto Networks,PANW,0.5,0.5,0
2017-11-07,19:58:00,Cramer: How the Salesforce-Google deal will help companies buck Amazon,"Jim Cramer explained why a Salesforce-Google combination would help companies play ""defense and offense"" against e-commerce giant Amazon.",Salesforce,CRM,0.0,0.0,1
2017-11-06,19:14:00,Salesforce CEO Marc Benioff: 'Loyalty is dead.' Here's how we're circumventing it,"Jim Cramer spoke to Salesforce.com chief Marc Benioff about customer loyalty, new technology and competition.",Salesforce,CRM,-0.2,0.13636363636363635,1
2017-11-06,19:14:00,Cramer: There's more value in the Broadcom-Qualcomm deal than analysts realize,Jim Cramer unpacked the hostile bid by Broadcom to acquire Qualcomm in what would be the largest technology deal in history.,Qualcomm,QCOM,0.5,0.0,2
2017-11-06,19:20:00,Salesforce CEO Marc Benioff announces deeper tie-up with Google,Jim Cramer spoke with Salesforce.com CEO Marc Benioff about his company's new collaboration with Alphabet's Google.,Salesforce,CRM,0.0,0.13636363636363635,1
2017-11-03,19:02:00,Cramer Remix: Why you should wait to hear Nvidia’s earnings before pulling the trigger,"Jim Cramer focused on Nvidia ahead of its third-quarter earnings, advising investors to listen to its conference call.",Nvidia,NVDA,0.0,0.0,1
2017-10-27,19:13:00,"Cramer: Why Amazon, Alphabet, Microsoft and Intel are still buys after monster earnings reports","Jim Cramer listed the drivers behind Amazon, Alphabet, Microsoft and Intel's earnings beats and explained why their stocks are worth buying.","Intel, Microsoft","INTC, MSFT",0.0,-0.05000000000000002,1
2017-10-26,19:00:00,Cramer's lightning round: Software play Splunk doesn't live up to Salesforce,"Jim Cramer zipped through his take on callers' favorite stocks, including a smaller Salesforce competitor.",Salesforce,CRM,-0.03181818181818183,0.25,1
2017-10-25,19:01:00,Cramer Remix: Why AMD’s weak guidance could have a ripple effect on the market’s hottest sectors,"Jim Cramer broke down why he thinks AMD’s guidance could impact data centers, gaming and other red hot areas.",AMD,AMD,-0.375,-0.0076388888888888895,0
2017-10-19,19:06:00,Skyworks Solutions CEO: '5G is going to solve' the world's 'digital traffic jam',Jim Cramer sat down with Skyworks Solutions CEO Liam Griffin to discuss how companies like his will tackle booming mobile growth.,Skyworks Solutions,SWKS,0.0,-0.15555555555555559,1
2017-10-18,19:51:00,"IBM will get a strong tailwind from the weak dollar, CFO Martin Schroeter says",Jim Cramer spoke with IBM CFO Martin Schroeter about the technology company's forward drivers.,IBM,IBM,0.029166666666666646,0.0,2
2017-10-13,19:30:00,"Cramer: If you want to own tech and sleep at night, buy Texas Instruments",Jim Cramer presents the stock of Texas Instruments as a steady-eddie name for those seeking tamer investments in tech.,Texas Instruments,TXN,0.6,0.0,1
2017-09-28,19:10:00,"The war for A.I. leadership will be 'the biggest battle of our lifetime,' says Applied Materials CEO",Jim Cramer sits down with Applied Materials chief Gary Dickerson for the latest on the strength in display chips.,Applied Materials,AMAT,0.0,0.17222222222222222,1
2017-09-27,19:13:00,'Don't chase the ambulance:' Palo Alto Networks CEO speaks out on the epic Equifax breach,Jim Cramer sits down with cybersecurity chief Mark McLaughlin to hear his take on recent high-profile hacks.,Palo Alto Networks,PANW,0.1,-0.07777777777777779,0
2017-09-20,19:09:00,Cramer's charts indicate Nvidia's stock could be due for a pullback,Jim Cramer examines the charts of semiconductor maker Nvidia to predict the rallying stock's next moves.,Nvidia,NVDA,-0.125,0.0,1
2017-09-15,10:20:00,Red-hot Nvidia gets its most bullish Wall Street call yet due to A.I.,Evercore ISI is optimistic about Nvidia's market opportunity in artificial intelligence after meeting with the company's management.,Nvidia,NVDA,0.1875,-0.6,2
2017-09-13,19:02:00,Cramer's lightning round: Here's where Qualcomm went wrong,"Jim Cramer shares his take on callers' favorite stocks at lightning speed, including one tech name rivaling Apple.",Qualcomm,QCOM,-0.35,0.5,1
2017-08-31,19:29:00,Cramer unpacks Analog Devices' 'mosaic' of unstoppable growth drivers,"Jim Cramer outlines the bull case for Analog Devices, a semiconductor company involved in industrial, auto, wireless and consumer markets.",Analog Devices,ADI,0.0,0.0,1
2017-11-06,11:13:00,"Salesforce's Marc Benioff details cloud giant's push into A.I., dishes on secret client",Jim Cramer spoke with Salesforce Chairman and CEO Marc Benioff after earnings to hear about the cloud company's progress.,Salesforce,CRM,-0.2,0.0,1
2017-08-18,13:37:00,"Nike, Nvidia and other failing stocks could be signaling market shift everyone trying to forecast",Traders are looking at momentum stocks for signs of changing market sentiment.,Nvidia,NVDA,-0.125,0.0,2
2017-08-11,11:31:00,Market's hottest stock Nvidia plunges after traders didn't get perfect earnings report they expected,Wall Street is surprised over Nvidia's slowing growth in its unit that serves artificial intelligence applications.,Nvidia,NVDA,0.45,-0.25,1
2017-08-09,13:10:00,"Buy Nvidia, the market's hottest stock, before earnings due to gaming strength: Jefferies",Jefferies predicts Nvidia will report strong gaming segment sales due to Nintendo Switch demand.,Nvidia,NVDA,-0.125,0.15416666666666665,1
2017-06-21,19:01:00,"Adobe CEO: Microsoft partnership will automate sales, marketing with AI","Jim Cramer sat down with Adobe Systems CEO Shantanu Narayen to talk innovation, artificial intelligence, job creation and more.",Microsoft,MSFT,0.0,-0.08518518518518518,1
2017-06-20,18:33:00,IBM CEO Ginni Rometty says 80% of the world's data is where the 'real gold' is,Jim Cramer spoke with IBM CEO Ginni Rometty about IBM's latest transformation as a business.,IBM,IBM,0.2,0.5,1
2017-06-20,18:32:00,"IBM 'woke up the A.I. world,' CEO Ginni Rometty says",Jim Cramer sat down with IBM CEO Ginni Rometty to hear more about the company's foray into artificial intelligence.,IBM,IBM,0.0,-0.08518518518518518,1
2017-06-20,19:33:00,IBM CEO Ginni Rometty responds to Warren Buffett selling IBM shares,Jim Cramer sat down with IBM CEO Ginni Rometty to ask her about billionaire shareholder Warren Buffett selling a third of his stake.,IBM,IBM,0.0,-0.07777777777777779,1
2017-06-20,19:33:00,IBM CEO Ginni Rometty shares thoughts on Trump technology meeting,Jim Cramer sat down with IBM CEO Ginni Rometty to get her take on the state of work and Monday's White House technology council meeting.,IBM,IBM,0.0,-0.07777777777777779,1
2017-06-20,12:51:00,"A bear on the market's hottest stock, Nvidia, just threw in the towel because of a surprising reason","Nvidia shares have more than tripled in the last year, the best return of any stock in the S&P 500. ",Nvidia,NVDA,0.7,0.5,2
2017-06-13,18:51:00,Cramer's lightning round: What I'm doing with the stock of NXP Semiconductors,"Jim Cramer flies through his take on caller favorite stocks, including this semiconductor play.",NXP Semiconductors,NXPI,-0.2,0.5,1
2017-06-09,19:46:00,Cramer shares the best time to buy stock in Wall Street favorite Nvidia,Jim Cramer advises investors on how to parse Wall Street's commentary on red-hot chipmaker Nvidia.,Nvidia,NVDA,0.75,0.0,1
2017-06-09,16:56:00,Wall Street analysts keep one-upping each other to be biggest bull on red-hot Nvidia,"Nvidia shares have more than tripled in the last year, the best return of any stock in the S&P 500. ",Nvidia,NVDA,-0.125,0.5,2
2017-05-31,19:02:00,HP Inc CEO says an intern helped spur 'the birth of a new category' in printing,"Jim Cramer sat down with Dion Weisler, the president and CEO of HP Inc., for more on his company's latest earnings beat.",HP Inc.,HPQ,0.13636363636363635,0.2814814814814815,1
2017-05-18,19:03:00,Salesforce CEO Marc Benioff says his company is 'crushing Oracle',"Jim Cramer spoke with Marc Benioff after his cloud company, Salesforce, reported an earnings beat.",Salesforce,CRM,0.4,0.0,0
2017-05-16,19:38:00,Cramer's charts indicate Qualcomm's struggling stock could be gearing up for a comeback,Jim Cramer turns to the charts of technician Tim Collins to see what's ahead for the telecom play.,Qualcomm,QCOM,0.0,0.0,0
2017-05-11,13:54:00,Cramer lists 4 things propelling Nvidia's booming business,"Jim Cramer says that gaming, visualization, data centers, and autos are key drivers for the future of Nvidia.",Nvidia,NVDA,0.0,0.0,1
2017-05-05,19:40:00,"Cramer: With Buffett scaling out, here's the transformational thing IBM could do next",Jim Cramer believes that IBM can now make a company-changing acquisition and buy the struggling Twitter.,IBM,IBM,0.0,0.0,1
2017-05-04,20:01:00,Intel CEO Brian Krzanich says this is the best time in history to buy a PC,Jim Cramer spoke with Intel CEO Brian Krzanich about Intel's evolving business.,Intel,INTC,1.0,0.0,2
2017-05-01,19:19:00,Salesforce CEO Marc Benioff dishes on his $400 billion job creation goal,Jim Cramer sat down with Salesforce's Marc Benioff to hear how the CEO plans to revamp today's workforce.,Salesforce,CRM,0.0,-0.15555555555555559,1
2017-04-19,19:26:00,Cramer: IBM can take a hint from these high-flying consumer names,"Jim Cramer says McDonald's, Coca-Cola, and Wal-Mart can all teach IBM something about corporate turnarounds.",IBM,IBM,0.0,0.0,1
2017-04-12,19:05:00,Cramer investigates why AMD and NVDA's stocks just got rattled,Jim Cramer reveals that the selloff has less to do with business and more to do with market perception.,AMD,AMD,0.0,0.16666666666666669,0
2017-03-08,19:39:00,Cramer's lightning round: Playing a head-and-shoulders pattern on Nvidia,Jim Cramer quickly provides his take on various stocks.,Nvidia,NVDA,-0.2,0.16666666666666666,1
2017-03-03,19:26:00,Cramer's lightning round: Wait for hot money to flow out of AMD,Jim Cramer provides his opinion on stocks from callers at a rapid pace.,AMD,AMD,0.024999999999999994,0.0,1
2017-02-28,19:55:00,Salesforce CEO Marc Benioff explains why the company gave light guidance,"Jim Cramer spoke with Marc Benioff on the company's most recent quarterly report, immigration and more.",Salesforce,CRM,0.4,0.3333333333333333,1
2017-02-16,20:37:00,Top 3 takeaways Cisco’s CEO wants you to take away from its break-away quarter,Jim Cramer spoke with Chuck Robbins on the quarter that was initially misunderstood by investors.,Cisco,CSCO,0.35,0.0,1
2017-02-15,19:40:00,Cramer's lightning round: How Intel could be pulling down Nvidia,"Jim Cramer rattles off his take on caller favorite stocks, including these two energy players that could be competing for business.","Intel, Nvidia","INTC, NVDA",-0.1777777777777778,0.5,1
2017-02-13,19:25:00,Intel CEO reveals what it is really like to meet with President Trump in the White House,"Jim Cramer spoke with Intel CEO Brian Krzanich, who shared what happened behind closed doors in the White House.",Intel,INTC,0.1,-0.16666666666666666,0
2017-01-26,19:09:00,ServiceNow's CEO explains the secret sauce behind 52% growth,"Jim Cramer spoke with Frank Slootman, who dished out how the company achieved remarkable growth in the fourth quarter.",ServiceNow,NOW,-0.4,0.375,1
2017-01-10,19:00:00,"If you’re obsessed with Nvidia, Cramer says to watch these 5 stocks, too","Jim Cramer is sick and tired of investor obsession with Nvidia, and lists five other stocks that could be lifted in the semiconductor tide.",Nvidia,NVDA,-0.5,-0.4130952380952381,0
2016-11-16,18:45:00,"Cramer says 'lurking buyers' propped up stocks like Disney, NVIDIA and Starbucks",Jim Cramer uncovers why buyers are snapping up big names following the election of Donald Trump.,Nvidia,NVDA,0.0,0.0,1
2016-10-06,19:26:00,Cramer: Salesforce may have called off talks with Twitter because of LinkedIn,Jim Cramer provides background on why Salesforce may have cooled on a possible acquisition of Twitter.,Salesforce,CRM,0.0,0.0,1
2016-10-06,06:14:00,"Salesforce CEO Benioff says Twitter has 'severe challenges,' wishes Dorsey well",Jim Cramer spoke with Salesforce CEO Marc Benioff on a potential bid for Twitter.,Salesforce,CRM,0.0,0.0,1
2016-10-04,19:42:00,"Cramer: How Salesforce can rival Amazon, Alphabet & Facebook at its own game","Jim Cramer eyes Twitter as a match for Salesforce, saying it could allow the company to beat the cloud competition.",Salesforce,CRM,0.09999999999999998,0.0,1
2016-09-01,18:57:00,Cramer: Salesforce's Benioff earned the right to be taken at face value,"Jim Cramer outlined what prompted Salesforce's stock to drop, and why he's sticking with it.",Salesforce,CRM,0.2857142857142857,0.0,1
2016-07-20,18:12:00,"Cramer: Risks for Facebook, Amazon or Microsoft in an overheated market","Jim Cramer outlines the risks and rewards to owning Facebook, Microsoft or Amazon after the historic run.",Microsoft,MSFT,0.0,0.0,1
2016-06-07,18:57:00,"Cramer: AMD might have doubled, but it's still too risky for me",Jim Cramer goes off the charts to find out why Advanced Micro Devices has suddenly come back to life.,AMD,AMD,0.0,0.13333333333333333,2
2016-06-01,18:28:00,Cramer: The money-making theme that Amazon & Salesforce have figured out,Jim Cramer identified the strongest money-making theme out there behind the companies that continue to roar higher. ,Salesforce,CRM,0.0,-0.07500000000000001,2
2016-05-18,19:09:00,Salesforce CEO: Using the power of business for social change,"Jim Cramer spoke with Salesforce CEO Marc Benioff on his powerful approach to stakeholders, not just shareholders.",Salesforce,CRM,0.03333333333333333,0.3,1
2016-04-21,19:45:00,"Cramer: Alphabet, Microsoft could climb back up","Jim Cramer reviewed the earnings action on Wall Street on Thursday and thinks once the smoke clears, they could bounce back.",Microsoft,MSFT,0.0,0.05,1
2016-04-20,19:34:00,Cramer: Intel could split in two,Jim Cramer makes the case as to why he thinks Intel could be about to break-up and unlock further shareholder value.,Intel,INTC,0.0,0.0,1
2016-04-19,19:17:00,"Cramer: Damage to IBM, Netflix hard to reverse",Jim Cramer analyzed why IBM and Netflix were put through the meat grinder this week. ,IBM,IBM,-0.2916666666666667,0.0,1
2016-04-15,18:36:00,Cramer's tax day showdown: Intuit vs. H&R Block,"Jim Cramer compares the two largest tax titans in the biz, and crowns only one king.",Intuit,INTU,0.0,0.0,1
2016-04-11,19:34:00,Cramer: The secret to Accenture's sauce,"Jim Cramer always says never own a stock if you don't know what it does. So, what does Accenture really do and why is it so successful?",Accenture,ACN,-0.4,0.21666666666666667,1
2016-02-25,13:16:00,"Lightning Round: Krispy Kreme, Citigroup & Qorvo","Jim Cramer rattles off his take on caller favorite stocks, including this stock that is in a world of pain right now.",Qorvo,QRVO,-0.2,0.39285714285714285,1
2016-02-18,19:14:00,Cramer: IBM valued higher than Apple—Insanity!,"Jim Cramer was shocked when IBM rallied on Thursday, giving it a higher value than Apple. Could this be the right time to make a play on value?",IBM,IBM,0.3125,-0.054761904761904755,2
2016-02-03,18:44:00,Salesforce CEO: The key to extraordinary growth,"Jim Cramer speaks to the CEO of Salesforce, who reveals how his company has grown so fast and where it's headed in the future.",Salesforce,CRM,0.16666666666666666,0.1,2
