Date,Time,Headlines,Description,Company,Ticker,headlines_polarity,description_polarity,Final_sentiment,Open,Close,Adj Close
2023-11-07,19:52:00,Cramer's Lightning Round: Cisco is a buy,"""Mad Money"" host Jim Cramer rings the lightning round bell, which means he's giving his answers to callers' stock questions at rapid speed.",Cisco,CSCO,-0.2,-0.4125,1,53.34000015258789,53.130001068115234,53.130001068115234
2023-06-15,19:33:00,Cramer's Lightning Round: Microsoft is a winner,"""Mad Money"" host Jim Cramer rings the lightning round bell, which means he's giving his answers to callers' stock questions at rapid speed.",Microsoft,MSFT,-0.2,-0.4125,1,337.4800109863281,348.1000061035156,347.36456298828125
2023-06-12,20:31:00,Cramer's Lightning Round: Teradyne is a buy,"""Mad Money"" host Jim Cramer rings the lightning round bell, which means he's giving his answers to callers' stock questions at rapid speed.",Teradyne,TER,-0.2,-0.4125,1,106.41000366210938,109.45999908447266,109.34786224365234
2023-01-20,19:37:00,Cramer's lightning round: I like Juniper Networks,"""Mad Money"" host Jim Cramer rings the lightning round bell, which means he's giving his answers to callers' stock questions at rapid speed.",Juniper Networks,JNPR,-0.2,-0.4125,1,31.36000061035156,31.459999084472656,30.77279090881348
2022-12-15,19:39:00,Cramer's lightning round: You can pick up some shares of IBM on Friday,"""Mad Money"" host Jim Cramer rings the lightning round bell, which means he's giving his answers to callers' stock questions at rapid speed.",IBM,IBM,-0.2,-0.4125,1,148.52000427246094,142.36000061035156,135.62420654296875
2022-11-28,19:30:00,Cramer's lightning round: Enphase Energy is a buy,"""Mad Money"" host Jim Cramer rings the lightning round bell, which means he's giving his answers to callers' stock questions at rapid speed.",Enphase,ENPH,-0.2,-0.4125,1,316.5799865722656,312.2099914550781,312.2099914550781
2022-11-03,19:13:00,Cramer's lightning round: I'm sticking with Nvidia,"""Mad Money"" host Jim Cramer rings the lightning round bell, which means he's giving his answers to callers' stock questions at rapid speed.",Nvidia,NVDA,-0.2,-0.4125,1,130.42999267578125,134.2100067138672,134.12796020507812
2022-10-04,19:12:00,Cramer's lightning round: Cisco is going to snap back big,"""Mad Money"" host Jim Cramer rings the lightning round bell, which means he's giving his answers to callers' stock questions at rapid speed.",Cisco,CSCO,-0.0666666666666666,-0.4125,1,41.560001373291016,41.81999969482422,40.57622146606445
2022-07-14,19:45:00,Cramer's lightning round: I wouldn't mind buying Microchip Technology down here,"""Mad Money"" host Jim Cramer rings the lightning round bell, which means he's giving his answers to callers' stock questions at rapid speed.",Microchip Technology,MCHP,-0.1777777777777778,-0.4125,1,59.119998931884766,60.93000030517578,59.54710388183594
2022-06-15,19:53:00,Cramer's lightning round: Applied Materials is a buy,"""Mad Money"" host Jim Cramer rings the lightning round bell, which means he's giving his answers to callers' stock questions at rapid speed.",Applied Materials,AMAT,-0.2,-0.4125,1,97.8499984741211,97.41999816894533,96.25162506103516
2022-06-03,19:46:00,Cramer's lightning round: I like Lam Research over Taiwan Semiconductor,"""Mad Money"" host Jim Cramer rings the lightning round bell, which means he's giving his answers to callers' stock questions at rapid speed.",Lam Research,LRCX,-0.2,-0.4125,1,512.6900024414062,513.97998046875,503.6310119628906
2022-04-22,10:40:00,"Jim Cramer breaks down shares of Netflix, Snap, Nvidia and more","CNBC's Jim Cramer and the 'Squawk on the Street' team discuss shares of Snap, Netflix, Lululemon and more following the opening bell on Friday.",Nvidia,NVDA,0.1722222222222222,0.25,1,203.02999877929688,195.1499938964844,194.9315643310547
2021-12-08,19:16:00,Cramer's lightning round: I like Enphase Energy over EVgo,"""Mad Money"" host Jim Cramer rings the lightning round bell, which means he's giving his answers to callers' stock questions at rapid speed.",Enphase,ENPH,-0.2,-0.4125,1,224.9499969482422,225.6100006103516,225.6100006103516
2021-11-23,21:10:00,Cramer's lightning round: Only autonomous vehicle play I think about is Nvidia,"""Mad Money"" host Jim Cramer rings the lightning round bell, which means he's giving his answers to callers' stock questions at rapid speed.",Nvidia,NVDA,0.0666666666666666,-0.4125,1,315.3500061035156,317.4599914550781,317.0118408203125
2021-10-27,19:48:00,Cramer's lightning round: Amphenol Corp. is a buy,"""Mad Money"" host Jim Cramer rings the lightning round bell, which means he's giving his answers to callers' stock questions at rapid speed.",Amphenol,APH,-0.2,-0.4125,1,77.19999694824219,75.7699966430664,74.16107940673828
2021-10-18,19:15:00,Cramer's lightning round: I prefer Intuit over Mogo,"""Mad Money"" host Jim Cramer rings the lightning round bell, which means he's giving his answers to callers' stock questions at rapid speed.",Intuit,INTU,-0.2,-0.4125,1,552.760009765625,564.5599975585938,557.074951171875
2021-10-11,20:04:00,"Jim Cramer says Lam Research may be a 'powerful, long-term American industrial investment'",Generic Mad Money Contemplate,Lam Research,LRCX,0.15,-0.3125,1,548.1300048828125,552.4400024414062,538.40380859375
2021-10-05,19:30:00,"Cramer says investors have a 'huge buying opportunity' in Microsoft, but be cautious with Facebook",Generic Mad Money Contemplate,Microsoft,MSFT,0.4000000000000001,-0.3125,1,284.04998779296875,288.760009765625,283.6216735839844
2021-09-27,20:19:00,"Cramer sees opportunity to buy 'best of breed' tech giants Apple, Amazon and Salesforce",Generic Mad Money Contemplate,Salesforce,CRM,1.0,-0.3125,1,282.44000244140625,279.67999267578125,279.67999267578125
2021-09-21,19:42:00,"Facebook's actions have cost all of us, says Salesforce's Benioff",Generic Mad Money Contemplate,Salesforce,CRM,0.0,-0.3125,1,259.4700012207031,257.9700012207031,257.9700012207031
2021-09-21,18:54:00,"Charts suggest IBM shares may be poised for a rally this fall, says Jim Cramer",Generic Mad Money Contemplate,IBM,IBM,0.0,-0.3125,0,129.1682586669922,127.12236785888672,113.8656234741211
2021-08-25,19:08:00,Salesforce's Marc Benioff says CEOs have been surprised by employees' desire to work remotely,Generic Mad Money Contemplate,Salesforce,CRM,0.0,-0.3125,1,260.8599853515625,260.8500061035156,260.8500061035156
2021-08-18,18:53:00,Cramer's lightning round: Skyworks Solutions is a buy,"""Mad Money"" host Jim Cramer rings the lightning round bell, which means he's giving his answers to callers' stock questions at rapid speed.",Skyworks Solutions,SWKS,-0.2,-0.4125,1,177.57000732421875,175.25,167.73289489746094
2021-08-10,18:59:00,Cramer's lightning round: People will regret selling Skyworks Solutions,"""Mad Money"" host Jim Cramer rings the lightning round bell, which means he's giving his answers to callers' stock questions at rapid speed.",Skyworks Solutions,SWKS,-0.2,-0.4125,1,186.38999938964844,184.82000732421875,176.35223388671875
2021-08-11,13:45:00,"Onsemi, formerly ON Semiconductor, now pledges to be net-zero by 2040, CEO says",Generic Mad Money Contemplate,ON Semiconductor,ON,0.0,-0.3125,1,44.310001373291016,44.790000915527344,44.790000915527344
2021-07-28,18:36:00,"Jim Cramer calls out the 'Jimmy Chill contrarians' who bet against Alphabet, AMD, and Boeing",Generic Mad Money Contemplate,AMD,AMD,0.0,-0.3125,1,93.44000244140624,97.93000030517578,97.93000030517578
2021-07-21,19:38:00,"Biden says what others are 'afraid to say' about tech, Salesforce's Marc Benioff says",Generic Mad Money Contemplate,Salesforce,CRM,-0.6,-0.3125,1,241.44000244140625,242.1100006103516,242.1100006103516
2021-07-06,18:48:00,"Cramer reviews Nvidia, Moderna, Equifax and other top-performing stocks of the second quarter",Generic Mad Money Contemplate,Nvidia,NVDA,-0.0625,-0.3125,1,207.375,206.9850006103516,206.6563415527344
2021-06-23,19:50:00,Cramer's lightning round: First Solar stock is going to move up,"""Mad Money"" host Jim Cramer rings the lightning round bell, which means he's giving his answers to callers' stock questions at rapid speed.",First Solar,FSLR,0.0249999999999999,-0.4125,1,78.69999694824219,80.19000244140625,80.19000244140625
2021-06-22,19:25:00,Cramer's lightning round: Qualcomm is a buy here,"""Mad Money"" host Jim Cramer rings the lightning round bell, which means he's giving his answers to callers' stock questions at rapid speed.",Qualcomm,QCOM,-0.2,-0.4125,1,134.22000122070312,135.0800018310547,128.51129150390625
2021-06-16,19:27:00,"Cramer's lightning round: AMD is a buy 'right here, right now'","""Mad Money"" host Jim Cramer rings the lightning round bell, which means he's giving his answers to callers' stock questions at rapid speed.",AMD,AMD,0.1238095238095238,-0.4125,1,80.75,80.11000061035156,80.11000061035156
2021-06-15,18:40:00,Akamai CEO says security is becoming a major growth driver for the content business,Generic Mad Money Contemplate,Akamai,AKAM,0.25625,-0.3125,1,118.6500015258789,118.18000030517578,118.18000030517578
2021-05-27,18:46:00,"Salesforce's signature Dreamforce conference to be held in person this year, Benioff says",Generic Mad Money Contemplate,Salesforce,CRM,0.0,-0.3125,1,229.5200042724609,225.8300018310547,225.8300018310547
2021-05-04,19:30:00,Cramer's lightning round: Applied Materials 'is the stock to watch',"""Mad Money"" host Jim Cramer rings the lightning round bell, which means he's giving his answers to callers' stock questions at rapid speed.",Applied Materials,AMAT,-0.2,-0.4125,1,129.99000549316406,128.72000122070312,125.98247528076172
2021-04-28,19:22:00,Salesforce CEO Marc Benioff encourages employees to get vaccinated,Generic Mad Money Contemplate,Salesforce,CRM,0.0,-0.3125,1,235.0,236.8800048828125,236.8800048828125
2021-04-27,18:58:00,Cramer's lightning round: 'I am a believer in Enphase Energy',"""Mad Money"" host Jim Cramer rings the lightning round bell, which means he's giving his answers to callers' stock questions at rapid speed.",Enphase,ENPH,-0.2,-0.4125,1,173.27000427246094,171.10000610351562,171.10000610351562
2021-04-12,19:54:00,Cramer's lightning round: Cisco is going higher,"""Mad Money"" host Jim Cramer rings the lightning round bell, which means he's giving his answers to callers' stock questions at rapid speed.",Cisco,CSCO,0.0249999999999999,-0.4125,1,52.06999969482422,51.56999969482422,47.85430145263672
2021-04-12,18:50:00,Jim Cramer says Nvidia shares will 'end up looking cheap' next year as stock nears record high,Generic Mad Money Contemplate,Nvidia,NVDA,0.1866666666666666,-0.3125,2,142.8975067138672,152.08999633789062,151.813720703125
2021-02-25,19:48:00,Nvidia CEO confident in company's growth prospects even if Arm acquisition does not happen,Generic Mad Money Contemplate,Nvidia,NVDA,0.5,-0.3125,2,140.4550018310547,133.0749969482422,132.7874298095703
2021-02-22,19:54:00,ON Semiconductor CEO expects auto chip backlog to end by third quarter,Generic Mad Money Contemplate,ON Semiconductor,ON,0.0,-0.3125,0,41.63999938964844,40.43999862670898,40.43999862670898
2021-02-08,19:28:00,Cramer's lightning round: Buy AMD,"""Mad Money"" host Jim Cramer rings the lightning round bell, which means he's giving his answers to callers' stock questions at rapid speed.",AMD,AMD,-0.2,-0.4125,1,88.30999755859375,91.47000122070312,91.47000122070312
2021-01-22,19:06:00,Cramer's lightning round: Nvidia is the chipmaker to own,"""Mad Money"" host Jim Cramer rings the lightning round bell, which means he's giving his answers to callers' stock questions at rapid speed.",Nvidia,NVDA,0.1999999999999999,-0.4125,1,137.39999389648438,137.125,136.8286590576172
2021-01-14,20:08:00,Cramer's lightning round: Salesforce is near attractive buying levels,"""Mad Money"" host Jim Cramer rings the lightning round bell, which means he's giving his answers to callers' stock questions at rapid speed.",Salesforce,CRM,0.2333333333333333,-0.4125,2,218.22999572753903,215.6000061035156,215.6000061035156
2021-01-13,19:25:00,"Cramer's lightning round: Cisco is a buy, not a sell","""Mad Money"" host Jim Cramer rings the lightning round bell, which means he's giving his answers to callers' stock questions at rapid speed.",Cisco,CSCO,-0.2,-0.4125,1,45.290000915527344,45.36000061035156,41.79212951660156
2021-01-08,20:14:00,"Micron Technology is in the 'sweet spot' of digital transformation, CEO says",Generic Mad Money Contemplate,Micron Technology,MU,0.175,-0.3125,1,82.54000091552734,77.41999816894531,76.211669921875
2021-01-07,19:15:00,Cramer's lightning round: Autodesk is one of the best-run companies,"""Mad Money"" host Jim Cramer rings the lightning round bell, which means he's giving his answers to callers' stock questions at rapid speed.",Autodesk,ADSK,-0.2,-0.4125,1,305.45001220703125,315.20001220703125,315.20001220703125
2020-12-21,19:42:00,Cramer's lightning round: On Semiconductor 'finally got its mojo',"""Mad Money"" host Jim Cramer rings the lightning round bell, which means he's giving his answers to callers' stock questions at rapid speed.",ON Semiconductor,ON,-0.1,-0.4125,1,31.13999938964844,31.57999992370605,31.57999992370605
2020-12-17,18:53:00,"Jim Cramer says Accenture, Lennar earnings are why it's tough to be bearish",Generic Mad Money Contemplate,Accenture,ACN,-0.3888888888888889,-0.3125,0,263.7799987792969,264.4700012207031,253.6942596435547
2020-12-11,19:04:00,Cramer's lightning round: Hold onto Nvidia,"""Mad Money"" host Jim Cramer rings the lightning round bell, which means he's giving his answers to callers' stock questions at rapid speed.",Nvidia,NVDA,-0.2,-0.4125,1,129.67250061035156,130.13250732421875,129.85130310058594
2020-12-08,13:19:00,ServiceNow CEO says digital transformation is the 'opportunity of this generation',Generic Mad Money Contemplate,ServiceNow,NOW,0.0,-0.3125,1,536.7899780273438,542.25,542.25
2020-12-03,18:57:00,"Salesforce could more than double its valuation after $27.7 billion deal for Slack, Jim Cramer says",Generic Mad Money Contemplate,Salesforce,CRM,0.25,-0.3125,2,226.1100006103516,220.97000122070312,220.97000122070312
2020-12-01,18:46:00,Salesforce's Marc Benioff on goal to double revenue — 'Slack changes everything',Generic Mad Money Contemplate,Salesforce,CRM,0.0,-0.3125,2,245.0,241.3500061035156,241.3500061035156
2020-11-20,20:14:00,"Zebra Technologies plays critical role in vaccine distribution, CEO says",Generic Mad Money Contemplate,Zebra Technologies,ZBRA,0.0,-0.3125,1,363.4200134277344,354.989990234375,354.989990234375
2020-11-18,19:04:00,Cramer's lightning round: I love Texas Instruments,"""Mad Money"" host Jim Cramer rings the lightning round bell, which means he's giving his answers to callers' stock questions at rapid speed.",Texas Instruments,TXN,0.15,-0.4125,1,155.74000549316406,153.5500030517578,141.45677185058594
2020-11-16,20:19:00,"New acquisition provides security from hackers' view, Palo Alto Networks CEO says",Generic Mad Money Contemplate,Palo Alto Networks,PANW,0.1363636363636363,-0.3125,1,89.89666748046875,92.83333587646484,92.83333587646484
2020-11-12,19:23:00,Cramer's lightning round: Start a position in Salesforce,"""Mad Money"" host Jim Cramer rings the lightning round bell, which means he's giving his answers to callers' stock questions at rapid speed.",Salesforce,CRM,-0.2,-0.4125,1,247.3999938964844,249.4199981689453,249.4199981689453
2020-11-09,18:58:00,Cramer's lightning round: Don't bet against Palo Alto Networks,"""Mad Money"" host Jim Cramer rings the lightning round bell, which means he's giving his answers to callers' stock questions at rapid speed.",Palo Alto Networks,PANW,-0.2,-0.4125,1,84.39666748046875,84.0433349609375,84.0433349609375
2020-10-27,19:45:00,Cramer reacts to AMD-Xilinx tie-up: 'I think the stock's a steal',"""Lisa Su's trying to build a semiconductor titan with aspirations well beyond the PC, gaming and the datacenter,"" the ""Mad Money"" host said.",AMD,AMD,0.0,-0.625,1,82.0,78.87999725341797,78.87999725341797
2020-09-30,20:30:00,Salesforce expands Work.com applications to manage vaccine distribution programs,"""We are in a situation right now ... where vaccinations are one of the most important things we can do for public health,"" Salesforce CEO Marc Benioff said.",Salesforce,CRM,0.0,0.2964285714285714,1,246.6499938964844,251.32000732421875,251.32000732421875
2020-09-24,20:12:00,"Jim Cramer says Nvidia is a buy here, cites 'unstoppable' potential of Arm acquisition","""Look, the stock was at $486 before the Arm news, and it's only at $494 now. I like that risk-reward,"" CNBC's Jim Cramer said.",Nvidia,NVDA,0.0,0.0,1,120.72250366210938,123.4800033569336,123.17676544189452
2020-09-21,20:17:00,"Apple, Microsoft, Amazon and Alphabet are buys at these levels, Jim Cramer says","After a September sell-off, ""Mad Money"" host Jim Cramer says the technology giants have reached attractive valuations. ",Microsoft,MSFT,0.0,0.0875,1,197.19000244140625,202.5399932861328,197.1270751953125
2020-09-09,19:46:00,"Qorvo's guidance boost helped tech stocks roar higher, Jim Cramer says","""I expect the Apple bulls to resurface, the Zoom acolytes to speak up and the semiconductor analysts to raise numbers ... thanks to Qorvo,"" Cramer said.",Qorvo,QRVO,0.25,0.2,2,123.95999908447266,122.70999908447266,122.70999908447266
2020-08-26,21:33:00,TurboTax-parent Intuit posts 83% quarterly revenue growth as more people file taxes from home,"Intuit posted strong results after seeing a ""very unique tax season,"" CEO Sasan Goodarzi said.",Intuit,INTU,0.5,0.4604166666666667,2,356.8599853515625,342.3399963378906,335.3644714355469
2020-08-25,20:12:00,Salesforce's Marc Benioff claims a 'victory for stakeholder capitalism',"""This is a moment when we need to be thinking not just about how to serve all of our customers, but also how to take care of our communities because they are in so much pain,"" Benioff said.",Salesforce,CRM,0.0,0.2,1,213.22000122070312,216.0500030517578,216.0500030517578
2020-08-20,20:00:00,Jim Cramer recommends Nvidia on the next dip: 'You need to buy',"""If you don't own it already, be prepared for the next dip. The next time Nvidia comes down, you need to buy,"" the ""Mad Money"" host said.",Nvidia,NVDA,0.0,-0.0361111111111111,1,119.75,121.41000366210938,121.0756378173828
2020-08-19,20:13:00,"'Semiconductors and software are really the future of cars,' Analog Devices CEO says","Autos is a ""great opportunity"" and ""great intersection between the technologies we have and the needs of the car companies,"" Analog Devices CEO Vincent Roche said.",Analog Devices,ADI,0.1,0.8,1,118.5,118.1500015258789,111.37760162353516
2020-07-28,19:29:00,Cramer's lightning round: Hold on to Intel,"""Mad Money"" host Jim Cramer rings the lightning round bell, which means he's giving his answers to callers' stock questions at rapid speed.",Intel,INTC,-0.2,-0.4125,1,49.47999954223633,49.2400016784668,44.4825325012207
2020-07-27,19:14:00,Cramer's lightning round: I don't have a reason to buy Intel,"""Mad Money"" host Jim Cramer rings the lightning round bell, which means he's giving his answers to callers' stock questions at rapid speed.",Intel,INTC,-0.2,-0.4125,1,51.02999877929688,49.56999969482422,44.7806510925293
2020-07-17,19:33:00,Cramer's lightning round: I would own Teradyne,"""Mad Money"" host Jim Cramer rings the lightning round bell, which means he's giving his answers to callers' stock questions at rapid speed.",Teradyne,TER,0.1999999999999999,-0.4125,1,86.2699966430664,86.41999816894531,85.33245849609375
2020-07-13,21:05:00,Salesforce's Marc Benioff: Face masks can end the U.S. coronavirus crisis within weeks,"Salesforce CEO Marc Benioff told CNBC's Jim Cramer that face masks can stop the coronavirus crisis in the U.S. in ""just three weeks."" The two are sponsoring a mask design challenge.",Salesforce,CRM,0.0,0.0,1,200.0,188.33999633789065,188.33999633789065
2020-06-25,19:36:00,Marc Benioff says 35 states are now using Salesforce's contact tracing technology for coronavirus,"""This is a time where every company needs to reassess its relevance to maintain its market share and innovation,"" Salesforce CEO Marc Benioff said in a ""Mad Money"" interview.",Salesforce,CRM,0.0,-0.625,1,186.13999938964844,188.33999633789065,188.33999633789065
2020-06-03,20:21:00,Cramer's lightning round: Microsoft fits the pattern of what this market wants,"""Mad Money"" host Jim Cramer rings the lightning round bell, which means he's giving his answers to callers' stock questions at rapid speed.",Microsoft,MSFT,0.0,-0.4125,1,184.82000732421875,185.3600006103516,179.97117614746094
2020-05-29,18:59:00,"Salesforce and Costco are flashing buy signals to investors, Jim Cramer says","The ""Mad Money"" host said ""history tells me that you've gotta buy them when they're weak.""",Salesforce,CRM,0.0,-0.5,1,174.3000030517578,174.7899932861328,174.7899932861328
2020-05-28,18:51:00,Marc Benioff: Salesforce's deal with AT&T is one of the 'largest transactions we've ever done',"""This is a transformational opportunity for AT&T wireless,"" Salesforce CEO Marc Benioff told CNBC's Jim Cramer.",Salesforce,CRM,0.0,0.0,1,180.0,181.1000061035156,181.1000061035156
2020-05-14,21:28:00,Cisco CEO Chuck Robbins: The future post-pandemic workplace will be based on a 'hybrid model',"Cisco Systems CEO Chuck Robbins said the coronavirus pandemic will ""change things like how we think about talent in the future.""",Cisco,CSCO,0.0,0.0,1,43.43000030517578,43.84999847412109,39.39925003051758
2020-05-04,20:28:00,'She had the vision' — Salesforce's Benioff cites Rhode Island governor for contact tracing tools,Salesforce's Benioff said it was the Rhode Island governor's idea to pair contact tracing with coronavirus testing as Salesforce sought to launch Work.com.,Salesforce,CRM,0.0,0.0,1,155.5800018310547,161.47000122070312,161.47000122070312
2020-04-29,18:48:00,"Jim Cramer reacts to AMD, Starbucks, Boeing, GE and Alphabet earnings reports","The ""Mad Money"" host offered his thoughts on each companies' latest quarterly results and recommended multiple stocks for buys.",AMD,AMD,0.0,-0.0416666666666666,1,54.52999877929688,53.65999984741211,53.65999984741211
2020-04-27,21:07:00,Nvidia completes 'homerun deal' after closing $7 billion acquisition of Mellanox,"""Man, I've been dreaming about this,"" Nvidia CEO Jensen Huang told CNBC's Jim Cramer.",Nvidia,NVDA,0.0,0.0,1,73.74749755859375,74.2699966430664,74.03166198730469
2020-04-08,20:13:00,Salesforce is working to bring another load of medical gear to the US this week,"""This is a moment where business has to be the greatest platform for change,"" Salesforce CEO Marc Benioff said after donating medical gear to New York.",Salesforce,CRM,0.0,0.3787878787878787,1,146.3000030517578,151.1199951171875,151.1199951171875
2020-03-30,19:16:00,"Microsoft 'might be the best tech stock in this market,' Jim Cramer says","Demand for cloud computing services has spiked during the coronavirus outbreak and Microsoft has been a ""huge beneficiary from the lockdowns,"" the ""Mad Money"" host said.",Microsoft,MSFT,1.0,-0.1124999999999999,2,152.44000244140625,160.22999572753906,155.1396942138672
2020-03-24,21:09:00,"Coronavirus 'supply shock' caused a delay in 5G rollout and guidance haircut, Skyworks Solutions CEO says","The 5G rollout is experiencing a ""pause"" and demand for the technologies will return and be met by 2021, Skyworks Solutions CEO Liam Griffin said.",Skyworks Solutions,SWKS,0.0,0.0,1,79.69000244140625,87.29000091552734,81.91756439208984
2020-02-25,19:20:00,"Intel, Caterpillar charts show Wall Street may have 'a lot more downside,' Jim Cramer says",CNBC's Jim Cramer warns of ominous signs in the stock trajectories of Caterpillar and Intel for the broader market.,Intel,INTC,0.5,0.0,1,61.9900016784668,59.72999954223633,53.65591812133789
2020-02-24,19:10:00,Cramer's lightning round: IBM is going heavily into the cloud,"""Mad Money"" host Jim Cramer rings the lightning round bell, which means he's giving his answers to callers' stock questions at rapid speed.",IBM,IBM,-0.2,-0.4125,1,139.11090087890625,139.9904327392578,116.1501007080078
2020-02-19,18:59:00,Cramer's lightning round: Lam Research 'had an unbelievable run',"""Mad Money"" host Jim Cramer rings the lightning round bell, which means he's giving his answers to callers' stock questions at rapid speed.",Lam Research,LRCX,-0.225,-0.4125,1,331.17999267578125,333.8500061035156,317.8915405273437
2020-01-27,19:16:00,"Everything Jim Cramer said on 'Mad Money,' including bond market, Adobe vs. Salesforce, sell-off buys",CNBC's Jim Cramer warns that the bond market could have a negative impact on the banking sector. He gives a list of stocks worth buying off the coronavirus-induced market sell-off.,Salesforce,CRM,-0.625,0.0,1,178.77000427246094,180.7100067138672,180.7100067138672
2020-01-23,18:55:00,Cramer's lightning round: Cisco Systems is a 'show-me situation',"""Mad Money"" host Jim Cramer gives his thoughts about callers' favorite stock picks of the day.",Cisco,CSCO,-0.2,-0.0625,1,49.0,49.0,43.61302947998047
2020-01-21,19:23:00,"Everything Jim Cramer said on 'Mad Money,' including Microsoft sustainability, GW Pharma CBD sales",CNBC's Jim Cramer broke down why capitalism is becoming more eco-friendly and sat down with the CEOs of Microsoft and GW Pharma.,Microsoft,MSFT,-0.625,0.1597222222222222,1,166.67999267578125,166.5,160.7713623046875
2020-01-16,18:46:00,Capitalism is 'in jeopardy' if business does not act on climate change: Microsoft CEO Satya Nadella,"""Profitable is the key word, but problems is the other key word for people and planet,"" Microsoft CEO Satya Nadella told ""Mad Money"" host Jim Cramer.",Microsoft,MSFT,0.0,-0.1875,1,164.35000610351562,166.1699981689453,160.45272827148438
2020-01-13,18:56:00,Cramer's lightning round: IBM's downgrade makes no sense,"""Mad Money"" host Jim Cramer made buy and sell calls on shares of First Horizon, IBM and more stocks in Monday's lightning round.",IBM,IBM,-0.2,-0.01875,1,129.52198791503906,130.5927276611328,107.23307800292967
2019-12-20,19:03:00,"Cramer's lightning round: Microsoft is making hard to own Dropbox, Slack","""Mad Money"" host Jim Cramer rings the lightning round bell, which means he's giving his answers to callers' stock questions at rapid speed.",Microsoft,MSFT,0.036111111111111,-0.4125,1,157.35000610351562,157.41000366210938,151.9940948486328
2019-12-18,18:58:00,Cramer's lightning round: Microsoft CEO Satya Nadella is 'doing such an amazing job',"""Mad Money"" host Jim Cramer rings the lightning round bell, which means he's giving his answers to callers' stock questions at rapid speed.",Microsoft,MSFT,0.1333333333333333,-0.4125,1,154.3000030517578,154.3699951171875,149.0587158203125
2019-12-17,18:34:00,"Shopify, Nvidia and PayPal shares all have 'more room to run,' Jim Cramer says","The ""Mad Money"" host goes off the charts to explain why investors may want to buy Shopify, Nvidia or PayPal on any weakness.",Nvidia,NVDA,0.5,-0.625,1,56.47499847412109,57.0724983215332,56.85534286499024
2019-12-05,19:42:00,"Everything Jim Cramer said on 'Mad Money,' including China trade fears, Salesforce co-CEO","CNBC's Jim Cramer says China is a ""much smaller issue than most people seem to realize,"" chats with Salesforce co-CEO Keith Block after the cloud company's earnings and offers stock buying advice to callers.",Salesforce,CRM,-0.625,0.1999999999999999,1,155.74000549316406,158.22000122070312,158.22000122070312
2019-12-03,18:35:00,Salesforce co-CEO Keith Block downplays profit forecastguidance cut: 'Business looks strong',"""We had a great quarter. We have a lot of success,"" Salesforce co-CEO Keith Block tells Jim Cramer.",Salesforce,CRM,0.4333333333333333,0.55,1,156.9600067138672,161.57000732421875,161.57000732421875
2019-11-19,19:53:00,"Everything Jim Cramer said on 'Mad Money,' including trade hits to tech stocks, Salesforce CEO interview","CNBC's Jim Cramer advises investors not to give up software-as-a-service plays, despite boiling trade tensions. The ""Mad Money"" host sits down for interviews with executives of Salesforce, Square and RH.",Salesforce,CRM,-0.625,-0.3902777777777778,1,163.63999938964844,163.9600067138672,163.9600067138672
2019-11-14,20:19:00,"Everything Jim Cramer said on 'Mad Money,' including Cisco's quarter, Viacom CEO, trade war divides","CNBC's Jim Cramer breaks down how Cisco's stock woes reflect other tech stocks, sits down with Viacom CEO Bob Bakish to talk streaming and the merger with CBS, and explains why the U.S.-China trade war could be at risk of dragging for years.",Cisco,CSCO,-0.625,-0.1453703703703703,0,45.560001373291016,44.90999984741211,39.68096160888672
2019-11-08,18:53:00,Cramer's lightning round: Microsoft is on its way to $150,Jim Cramer takes stock questions from and gives his thoughts to military members at the U.S. Airforce Academy in Colorado in a special version of the lightning round.,Microsoft,MSFT,-0.2,0.019047619047619,1,143.97999572753906,145.9600067138672,140.4601593017578
2019-11-07,18:47:00,"Qorvo's strong quarter 'breathed new life' into chipmakers, 5G plays, Jim Cramer says","""After selling off over the summer, these 5G stocks they're back and they're better than ever,"" Jim Cramer said Thursday on ""Mad Money.""",Qorvo,QRVO,0.2848484848484848,-0.0416666666666666,1,102.0,101.30999755859376,101.30999755859376
2019-10-29,18:55:00,Zebra Technologies CEO: We're moving more supply chains out of China as new tariffs loom,"""They're going into existing facilities, so we think the start-up issue should be minimal,"" CEO Anders Gustafsson says.",Zebra Technologies,ZBRA,0.3181818181818182,-0.1,2,223.2100067138672,237.63999938964844,237.63999938964844
2019-10-29,11:06:00,"Everything Jim Cramer said on 'Mad Money,' including S&P 500 highs, Microsoft JEDI contract, consumer","CNBC's Jim Cramer breaks down what's driving the market toward all-time highs, explains what the $10 billion JEDI contract means for Microsoft's cloud services and lays out the signs of the strong consumer economy.",Microsoft,MSFT,-0.625,0.1388888888888888,0,144.0800018310547,142.8300018310547,137.4480438232422
2019-10-28,19:13:00,"JEDI contract means a lot more for Microsoft than for Amazon, Jim Cramer says","""The Pentagon's basically saying that Microsoft's cloud platform is just as good as Amazon's, or at least close enough for government work,"" Jim Cramer says.",Microsoft,MSFT,0.5,0.1333333333333333,1,144.39999389648438,144.19000244140625,138.75682067871094
2019-10-23,20:50:00,"Everything Jim Cramer said on 'Mad Money,' including earnings, CSX and ServiceNow CEOs","Jim Cramer breaks down the week in earnings reports, gets an update on CSX's precision railroading strategy with CEO Jim Foote, gets a read on the digital transformation story with ServiceNow and makes recommendations in chipmakers and medtech.",ServiceNow,NOW,-0.625,-0.0777777777777777,1,216.3000030517578,220.00999450683597,220.00999450683597
2019-10-18,19:13:00,"Let's swap Netflix for Microsoft, Jim Cramer says in FAANG audit","CNBC's Jim Cramer says it's time to retire ""FAANG"" to make way for a new name that represents the five most valuable technology stocks on the S&P 500.",Microsoft,MSFT,0.0,0.3181818181818182,2,139.75999450683594,137.41000366210938,132.2322998046875
2019-10-16,18:48:00,Salesforce's Marc Benioff on the future of Big Tech: 'Capitalism needs guardrails',"""Capitalism needs guardrails. ... That's a very important part of the future of technology as well,"" Salesforce co-CEO Marc Benioff tells CNBC's Jim Cramer.",Salesforce,CRM,0.0,0.26,1,147.25999450683594,146.97000122070312,146.97000122070312
2019-09-23,16:04:00,Zscaler CEO shrugs off Palo Alto Networks: 'They feel the pain and they try to attack everyone',"Zscaler CEO Jay Chaudhry tells Jim Cramer the company is ""very bullish"" about its prospects, despite competition for clients from Palo Alto Networks.",Palo Alto Networks,PANW,0.0,0.2,2,69.78666687011719,69.90333557128906,69.90333557128906
2019-09-17,20:16:00,"Everything Jim Cramer said on 'Mad Money,' including Fed meeting, Microsoft and Apple, Pelosi","Jim Cramer explains what to expect from the Federal Reserve's September meeting, why Microsoft and Apple's stock could soon pop, and his wide-ranging interview with House Speaker Nancy Pelosi.",Microsoft,MSFT,-0.625,0.0,1,136.9600067138672,137.38999938964844,132.21304321289062
2019-08-27,19:06:00,Cramer's lightning round: Discipline says sell some of the hot Enphase stock,"""Mad Money"" host Jim Cramer rings the lightning round bell, which means he's giving his answers to callers' stock questions at rapid speed.",Enphase,ENPH,0.0249999999999999,-0.4125,1,34.880001068115234,33.04999923706055,33.04999923706055
2019-08-26,13:31:00,"Digital wave and values-based business are driving Salesforce's growth, CEO says","Companies want to know our values and if they work with us, ""they want to be aligned with those values,"" Salesforce co-CEO Keith Block says.",Salesforce,CRM,0.0,0.0,2,153.50999450683594,155.13999938964844,155.13999938964844
2019-08-20,14:06:00,Cramer's lightning round: The reason investors should own Microsoft,"""Mad Money"" host Jim Cramer rings the lightning round bell, which means he's giving his answers to callers' stock questions at rapid speed.",Microsoft,MSFT,0.1999999999999999,-0.4125,1,138.2100067138672,137.25999450683594,132.08795166015625
2019-08-05,21:41:00,Cramer Remix: Why Microsoft is the best of the large-cap stocks,Jim Cramer explains that Microsoft is the one to buy of the large cap stocks due to its little China exposure and its recent quarter.,Microsoft,MSFT,1.0,-0.0245535714285714,1,133.3000030517578,132.2100067138672,126.80596160888672
2019-07-29,19:24:00,Cramer's lightning round: Red Hat's Jim Whitehurst is 'changing the culture' at IBM,Jim Cramer takes calls and delivers his thoughts about callers' stock picks of the day.,IBM,IBM,-0.1,0.0,1,144.46463012695312,144.24473571777344,115.6972885131836
2019-07-18,19:25:00,Cramer: IBM earnings prove the company paid the right price for Red Hat,"""It was a competitive situation, people, so IBM paid what they had to pay to get the job done,"" Jim Cramer says.",IBM,IBM,0.1428571428571428,0.0,1,136.2332763671875,143.04971313476562,114.73878479003906
2019-07-09,19:25:00,CEO Ginni Rometty: Red Hat's open-source software 'is a play that helps all of IBM',"IBM will unlock growth by expanding its new Red Hat subsidiary services across the globe, CEO Ginni Rometty tells Jim Cramer.",IBM,IBM,0.0,0.0681818181818181,2,134.4263916015625,133.2026824951172,106.8405532836914
2019-06-11,19:17:00,Tableau CEO breaks down how the company will operate within Salesforce,"""Our engineers can't wait to pop the hood on those and check out what things that we might use on behalf of our customers,"" CEO Adam Selipsky says.",Salesforce,CRM,-0.1555555555555555,0.0,1,155.30999755859375,150.14999389648438,150.14999389648438
2019-06-10,19:22:00,Salesforce's Marc Benioff defends Tableau deal: They 'didn't want our cash',"""Tableau didn't want our cash — they wanted our equity, because they know that the real value here is in the company that we're creating together,"" Benioff tells Jim Cramer in an interview.",Salesforce,CRM,0.0,0.2,1,153.47999572753906,152.7899932861328,152.7899932861328
2019-06-07,16:17:00,"Salesforce CEO supports probing big tech, says tech must 'get the values straight'","""We are at a point in our industry where enough is enough,"" Marc Benioff says. We must ""get the values straight with these tech companies.""",Salesforce,CRM,0.1,0.0666666666666666,1,159.83999633789062,161.27000427246094,161.27000427246094
2019-06-05,09:54:00,Salesforce's Benioff: 'Massive' digital transformation is driving our growth,"The digital customer transformation ""is as big as Y2K was for the tech industry,"" CEO Marc Benioff says.",Salesforce,CRM,0.0,0.0,1,157.14999389648438,158.44000244140625,158.44000244140625
2019-05-31,19:17:00,"IBM CEO: AI-driven jobs are coming, and businesses need to prepare a new generation of workers","""We build these technologies so I think we have a responsibility … to prepare society for these technologies,"" CEO Ginni Rometty says.",IBM,IBM,0.1363636363636363,0.0,2,122.79158782958984,121.40535736083984,97.37803649902344
2019-05-14,18:56:00,Cramer's lightning round: We're late to the Qualcomm party — Not here,"It's that time again! ""Mad Money"" host Jim Cramer rings the lightning round bell, which means he's giving his answers to callers' stock questions at rapid speed.",Qualcomm,QCOM,-0.25,-0.4125,1,84.2699966430664,86.12999725341797,77.1807632446289
2019-05-09,20:45:00,Cramer's lightning round: Zebra Technologies is a kind of fast grower we like,"It's that time again! ""Mad Money"" host Jim Cramer rings the lightning round bell, which means he's giving his answers to callers' stock questions at rapid speed.",Zebra Technologies,ZBRA,0.1999999999999999,-0.4125,1,197.8800048828125,195.5399932861328,195.5399932861328
2019-05-01,19:49:00,"AMD CEO: With new products launching, 2019 is a 'growth year'","""As we go three to five years forward, we have a lot of things in the hopper,"" CEO Lisa Su said.",AMD,AMD,0.1363636363636363,0.0,2,28.950000762939453,26.809999465942383,26.809999465942383
2019-04-25,19:08:00,Cramer's lightning round: This stock can benefit from Intel's pullback,Jim Cramer zips through his responses to callers' favorite stock picks in the lightning round.,Intel,INTC,-0.2,0.15,1,58.29999923706055,57.61000061035156,50.56288528442383
2019-04-24,19:49:00,"Don't wait for the 'all clear' on chip sales to make a bet on Texas Instruments, Cramer says",Jim Cramer is warning investors not to miss out on easy gains by waiting until the end of the semiconductor cycle to buy Texas Instruments.,Texas Instruments,TXN,0.1,0.4333333333333333,0,115.0,118.43000030517578,103.8824691772461
2019-04-08,21:02:00,"Cramer: Setbacks in Apple, Nvidia, McCormick have been 'terrific' buying opportunities",Jim Cramer explains why stockholders of household names should not be too quick to pull the trigger when they hit a rough patch.,Nvidia,NVDA,0.0,0.1166666666666666,1,47.43000030517578,47.9474983215332,47.6282844543457
2019-03-04,22:06:00,Salesforce co-CEO Benioff says $30 billion in revenue is 'right around the corner',Salesforce co-CEO Marc Benioff tells Jim Cramer how three computing trends are driving growth at the cloud software company.,Salesforce,CRM,0.2857142857142857,0.0,1,165.55999755859375,158.5,158.5
2019-02-15,19:36:00,Cramer Remix: This single statement by Nvidia speaks volumes,Jim Cramer seconds Nvidia's call for more computing and explains why investors have reason to believe in the stock's bottom.,Nvidia,NVDA,-0.0714285714285714,0.5,1,40.73749923706055,39.334999084472656,39.03289413452149
2019-01-29,19:12:00,Cramer Remix: Don't jump the gun—Nvidia's stock isn't done falling,Jim Cramer breaks down the action in the chipmaker's shares and explains how to spot a better buying opportunity.,Nvidia,NVDA,0.0,0.1481481481481481,0,34.037498474121094,32.900001525878906,32.64731979370117
2019-01-22,19:02:00,Cramer's lightning round: I'm blessing a small position in Nvidia here,"Jim Cramer tears through his responses to callers' stock questions, including one on a former Wall Street darling.",Nvidia,NVDA,-0.225,0.0,1,38.9275016784668,37.192501068115234,36.9068603515625
2019-01-10,18:50:00,"Intel has the biggest addressable market it's ever seen, says company's interim CEO",Jim Cramer sits down with Intel's interim CEO and permanent CFO Bob Swan to get his take on the technology giant's future.,Intel,INTC,0.0,-0.0518518518518518,0,47.75,48.560001373291016,42.351470947265625
2019-01-08,23:11:00,"Apple CEO Tim Cook rips into Qualcomm, leaves little chance of a settlement in patent dispute",Qualcomm and CEO Steve Mollenkopf have repeatedly said the company expects to settle the dispute with Apple outside of court.,Qualcomm,QCOM,-0.1875,0.0,0,56.709999084472656,55.95000076293945,49.5602912902832
2019-01-04,19:02:00,Cramer's lightning round: 'Do some trimming' in Qualcomm if the stock rallies,"Jim Cramer rattles off his responses to callers' stock questions, including one on a technology company with ties to China.",Qualcomm,QCOM,-0.2,0.0,1,56.5,56.59999847412109,50.13606643676758
2018-12-10,19:05:00,Cramer's lightning round: Cisco is currently the cheapest large-cap tech stock,"Jim Cramer rattles off his responses to callers' stock questions, including one on tech giant Cisco Systems.",Cisco,CSCO,-0.1,0.0,1,46.29999923706055,46.86000061035156,40.26627731323242
2018-12-07,19:42:00,"Cramer: Buy shares in cloud plays Salesforce, Splunk, VMware, Workday on downturns",Jim Cramer recommends scaling into the stocks of cloud companies with strong fundamentals when the stock market drops.,Salesforce,CRM,0.0,0.4333333333333333,1,141.89999389648438,135.9499969482422,135.9499969482422
2018-11-29,12:06:00,"We have the first-mover advantage in 5G, Qualcomm CEO says",Jim Cramer and Qualcomm CEO Steve Mollenkopf discuss the future of 5G cellular service and its effect on the cellular industry as a whole.,Qualcomm,QCOM,0.0,0.1,2,57.88999938964844,58.11000061035156,50.92080307006836
2018-11-28,12:05:00,"Salesforce has never been stronger or in a better position than it is now, CEO says after earnings",Jim Cramer hears from Salesforce.com CEO Marc Benioff after the software giant's third-quarter earnings report.,Salesforce,CRM,0.5,0.0,2,138.47999572753906,140.63999938964844,140.63999938964844
2018-11-16,19:08:00,Cramer: Don't buy shares of Nvidia—the chipmaker is in the penalty box for now,Jim Cramer tells investors to steer clear of Nvidia's stock as it hovers near its 52-week lows.,Nvidia,NVDA,0.0,0.1,1,40.83000183105469,41.10749816894531,40.75101852416992
2018-11-14,19:27:00,Cisco CEO 'optimistic that we'll get some resolution' on US-China trade dispute,Jim Cramer hears from Cisco Systems Chairman and CEO Chuck Robbins about how his networking hardware giant is faring in a time of trade war.,Cisco,CSCO,0.0,0.0,1,45.459999084472656,44.33000183105469,38.09228897094727
2018-11-12,19:04:00,Cramer's lightning round: How investors should approach the 'best-in-show' stock of Nvidia,"Jim Cramer hosts a special Veterans Day edition of the lightning round, taking current and former U.S. Armed Forces members' stock questions.",Nvidia,NVDA,-0.2,0.0392857142857142,1,50.494998931884766,47.3849983215332,46.97407913208008
2018-11-07,19:08:00,Cramer's lightning round: Cisco's stock is a buy 'right here',"Jim Cramer flies through his take on callers' favorite stocks, including a Silicon Valley giant that his charitable trust is eyeing.",Cisco,CSCO,0.0428571428571428,0.3666666666666667,1,46.97999954223633,47.900001525878906,41.15995407104492
2018-11-06,10:25:00,Cramer: Pay attention to recent insider buying at GE and IBM,"Jim Cramer suggests investors take note of recent insider buying at IBM and GE, along with corporate buybacks at Apple and Berkshire Hathaway.",IBM,IBM,0.0,0.0,1,115.3919677734375,117.7055435180664,91.0677261352539
2018-11-02,20:11:00,Cramer's lightning round: It's time to buy the stock of Microsoft,"Jim Cramer says it's time to buy Microsoft on its ""great"" earnings report after tech-sector weakness pulled its shares lower.",Microsoft,MSFT,-0.2,0.8,0,106.4800033569336,106.16000366210938,100.57933807373048
2018-10-29,19:05:00,IBM CEO: Red Hat deal is a 'game-changer' that will grow cash flow and gross margins in first year,Jim Cramer sits down with the CEOs of IBM and Red Hat after a blockbuster deal between the two cloud companies.,IBM,IBM,0.0833333333333333,-0.0777777777777777,1,114.09178161621094,114.37858581542967,88.49369812011719
2018-10-24,19:10:00,Cramer Remix: One line in AMD's earnings report was enough to hurt the stock,Jim Cramer breaks down the rationality behind AMD's post-earnings decline.,AMD,AMD,0.0,-0.2777777777777778,0,25.040000915527344,22.790000915527344,22.790000915527344
2018-10-22,19:14:00,Cramer's charts suggest shares of the downtrodden IBM are 'ready to roar higher',"Jim Cramer and technician Larry Williams inspect the charts of IBM, which seem to show the beleaguered tech stock on the cusp of a rally.",IBM,IBM,0.225,0.0,1,123.88145446777344,124.3021011352539,96.17141723632812
2018-10-18,18:58:00,"Cramer's 5 favorite tech stocks right now, including Apple, Salesforce and Adobe","Jim Cramer reveals his top ""power"" players in the information technology space, including consumer tech plays, software giants and a fintech kicker.",Salesforce,CRM,0.3928571428571428,0.5,1,146.08999633789062,142.83999633789062,142.83999633789062
2018-10-15,19:02:00,Cramer's lightning round: Cisco's stock is a buy ahead of the company's earnings report,"Jim Cramer zips through his take on callers' favorite stocks, including a technology hardware giant in the throes of marketwide weakness.",Cisco,CSCO,-0.2,0.25,1,45.52000045776367,44.66999816894531,38.38444137573242
2018-10-03,18:55:00,"Cramer: Between Western Digital and Micron, Micron's stock is the one worth owning",Jim Cramer breaks down the declines in shares of chipmakers Western Digital and Micron and explains why he thinks Micron is more valuable.,Western Digital,WDC,0.0999999999999999,0.0861111111111111,1,57.91999816894531,58.36000061035156,54.63941192626953
2018-10-02,18:58:00,Cramer: Charts show 'old-school' chip stocks like Intel ready to roar,Jim Cramer and Carolyn Boroden inspect the charts of some key semiconductor stocks and determine that investors may see quicker gains by buying the more established plays.,Intel,INTC,0.2,0.25,2,47.5099983215332,48.09999847412109,41.68793487548828
2018-09-28,19:12:00,"ServiceNow CEO: We want work technology to be just as easy as eBay, PayPal, Uber","Jim Cramer sits down with ServiceNow President and CEO John Donahoe to hear how the leader of the ""cloud king"" is trying to simplify the way we do work.",ServiceNow,NOW,0.4333333333333333,-0.1555555555555555,1,194.5800018310547,195.6300048828125,195.6300048828125
2018-09-27,19:24:00,Cisco CEO says Silicon Valley companies 'have to care' about issues like homelessness,Jim Cramer gets an exclusive read on Cisco Systems' recent projects and deals in an interview with Chairman and CEO Chuck Robbins.,Cisco,CSCO,0.0,0.0,1,48.33000183105469,48.33000183105469,41.25054550170898
2018-09-26,08:35:00,Salesforce CEO on Apple partnership: 'I have Apple in my veins',"Jim Cramer sits down with Salesforce.com chief Marc Benioff, who speaks to his company's newly forged deal with Apple.",Salesforce,CRM,0.0,-0.0095959595959596,1,159.05999755859375,158.3300018310547,158.3300018310547
2018-09-11,19:05:00,Cramer's lightning round: Don't block the 'freight train' that is Skyworks Solutions' stock,"Jim Cramer zips through his take on callers' favorite stocks, including a chipmaker that's having trouble picking up the pieces.",Skyworks Solutions,SWKS,-0.2,0.15,0,86.6500015258789,85.83000183105469,78.18367767333984
2018-09-11,19:00:00,Cramer pinpoints the key to AMD's success: Its massive end market,"Jim Cramer breaks down what's going right at Advanced Micro Devices, a semiconductor company going up against Intel and Nvidia.",AMD,AMD,0.0999999999999999,0.1767195767195767,2,30.020000457763672,30.100000381469727,30.100000381469727
2018-09-04,19:06:00,Cramer apologizes for his Autodesk call: It was 'a huge mistake',Jim Cramer admits he misjudged the stock of Autodesk and issues apologies to the company's management and investors.,Autodesk,ADSK,0.4000000000000001,0.0,1,154.1699981689453,153.58999633789062,153.58999633789062
2018-08-22,11:07:00,Cramer: Cisco's latest quarter proves shift to software is working,Jim Cramer says that Cisco's fourth quarter is finally bearing the fruit from CEO Chuck Robbins' plan for the company.,Cisco,CSCO,0.4,0.0,1,45.95000076293945,45.9900016784668,39.25332260131836
2018-07-19,18:11:00,"Microsoft's 17 percent revenue growth is not sustainable, says CFRA Research's Kessler",Kevin Landis of Firsthand Capital Management and Scott Kessler of CFRA research join the 'Closing Bell' crew to discuss Microsoft's Q2 earnings announcement and its Github acquisition. ,Microsoft,MSFT,0.0,0.0,2,104.93000030517578,104.4000015258789,98.5326690673828
2018-07-18,18:55:00,"Big banks like Deutsche choose IBM to run their blockchain for 3 reasons, IBM executive says","Jim Cramer sits down with Martin Schroeter, senior vice president of IBM global markets, who says IBM is a leading choice for blockchain implementation among international companies.",IBM,IBM,0.0,-0.0518518518518518,1,137.1988525390625,138.1644287109375,105.7540283203125
2018-06-21,18:54:00,Okta CEO explains why his cybersecurity company has a leg up on big-name tech giants like Microsoft,"Jim Cramer hears from Okta co-founder, Chairman and CEO Todd McKinnon about his cybersecurity company's prospects.",Microsoft,MSFT,0.0,0.0,1,102.08000183105467,101.13999938964844,95.45586395263672
2018-06-21,18:52:00,"Cramer: CEO change aside, Intel's stock is too cheap at these levels",Jim Cramer backs the stock of Intel despite Thursday's unexpected leadership change at the chipmaker.,Intel,INTC,0.4,0.1,1,54.380001068115234,52.18999862670898,44.95929336547852
2018-06-15,19:01:00,Cramer Remix: The Qualcomm-NXP deal could signal what’s next for trade,Jim Cramer reveals how the moves in NXP Semiconductors and Qualcomm could hint at what’s to come in the U.S.-China trade battle.,Qualcomm,QCOM,0.0,0.0,1,59.869998931884766,59.86000061035156,51.980987548828125
2018-06-12,18:53:00,"Cisco CEO says new Google Cloud partnership 'plays an enormous role' in security, policy",Jim Cramer gets Cisco Systems Chairman and CEO Chuck Robbins' take on his computer hardware company's latest venture with Alphabet's Google.,Cisco,CSCO,0.0681818181818181,0.5,1,43.68000030517578,43.93999862670898,37.21355438232422
2018-06-07,13:51:00,Qualcomm CEO on 'hostile' Broadcom bid: You have to engage with companies 'through the front door',"Jim Cramer gets the latest on Qualcomm's bid for NXP Semiconductors, its dispute with Apple and the failed Broadcom deal from CEO Steven Mollenkopf.",Qualcomm,QCOM,0.0,0.0,0,62.0,60.63999938964844,52.658321380615234
2018-06-06,02:31:00,Former SoftBank and Google exec Nikesh Arora talks taking over Palo Alto Networks with outgoing CEO,Jim Cramer hears from Palo Alto Networks' incoming CEO Nikesh Arora and outgoing CEO Mark McLaughlin as he prepares to step down.,Palo Alto Networks,PANW,0.0,-0.1555555555555555,1,67.88666534423828,67.66000366210938,67.66000366210938
2018-05-29,19:34:00,Salesforce CEO Marc Benioff: The economy is really ripping,"Jim Cramer sits down with Salesforce founder, Chairman and CEO Marc Benioff to discuss the company's earnings results.",Salesforce,CRM,0.2,-0.1555555555555555,1,126.75,126.87999725341795,126.87999725341795
2018-05-23,19:57:00,Cramer's charts suggest investors buy Akamai and sell Walmart,Jim Cramer and technician Marc Chaikin find clear buy and sell signals in the charts of Akamai Technologies and Walmart.,Akamai,AKAM,0.0,0.1,1,75.77999877929688,77.0199966430664,77.0199966430664
2018-05-11,19:54:00,Cramer: Forget Nvidia's slowing crypto franchise—this best-in-show stock is a buy,Jim Cramer reiterates his bullish call on Nvidia after the chipmaking giant's earnings report.,Nvidia,NVDA,0.0,0.0,2,63.19499969482422,63.63249969482422,63.007205963134766
2018-04-19,19:16:00,"Cramer tracks the 'very close' race to $1 trillion between Apple, Amazon, Alphabet and Microsoft",Jim Cramer examines four massive tech giants to see which one is most likely to win the race to a $1 trillion in market cap.,Microsoft,MSFT,0.2,0.325,2,96.44000244140624,96.11000061035156,90.31710815429688
2018-04-18,18:59:00,Cramer Remix: Wall Street’s big problem with IBM’s stock,Jim Cramer clarifies what money managers are expecting from tech giant IBM in order for the stock to be successful.,IBM,IBM,0.0,0.375,1,145.44932556152344,142.2466583251953,107.68331909179688
2018-04-18,19:02:00,Cramer's lightning round: Qualcomm needs to resolve its slew of issues,"Jim Cramer rattles off his take on callers' favorite stocks, including a technology play making headlines.",Qualcomm,QCOM,-0.2,0.5,1,55.13999938964844,55.22999954223633,47.46449279785156
2018-04-09,19:00:00,Cramer's lightning round: AMD's bitcoin-driven decline doesn't make sense,"Jim Cramer zips through his take on callers' favorite stocks, including a semiconductor play tied to cryptocurrencies.",AMD,AMD,-0.2,0.5,0,9.75,9.529999732971191,9.529999732971191
2018-03-29,19:26:00,Nvidia CEO Jensen Huang: Uber accident made us realize the importance of self-driving tech,"Jim Cramer gets Nvidia founder, President and CEO Jensen Huang's take on the recent fatal accident with an Uber self-driving vehicle.",Nvidia,NVDA,0.0,0.0,1,56.02750015258789,57.897499084472656,57.32857131958008
2018-03-27,19:32:00,Cramer: Nvidia and Twitter's stocks are the best examples of the unforgiving market,Jim Cramer uses the stocks of Nvidia and Twitter to explain the stock market's treacherous condition.,Nvidia,NVDA,1.0,0.0,1,61.9375,56.380001068115234,55.825984954833984
2018-03-15,19:22:00,Our Samsung acquisition opened up a $55 billion market: HP Inc CEO,Jim Cramer sits down with HP Inc. CEO Dion Weisler to gauge the state of the PC and printing markets.,HP Inc.,HPQ,0.0,-0.1555555555555555,2,23.549999237060547,23.479999542236328,19.750720977783203
2018-03-15,19:21:00,"Intel CEO bucks Broadcom rumors: 'We're heads down' on Altera, Mobileye acquisitions","Jim Cramer sits down with Intel CEO Brian Krzanich to discuss developments at Intel, including a recent security flaw and takeover rumors.",Intel,INTC,-0.1555555555555555,-0.0777777777777777,1,52.22999954223633,50.880001068115234,43.57927703857422
2018-03-14,19:01:00,Cramer Remix: Blast from the past Akamai is in a sweet spot for buying,Jim Cramer circles back to a formerly red-hot tech stock making a big turnaround.,Akamai,AKAM,0.0499999999999999,0.0,0,73.12000274658203,73.25,73.25
2018-03-12,19:23:00,Cramer: Micron's strength means Intel is a buy,Jim Cramer tracks intersecting trends in the technology space and makes a recommendation based on the strength of one chipmaker.,Intel,INTC,0.0,0.0,1,51.86000061035156,51.52000045776367,44.12744140625
2018-03-07,19:03:00,Cramer's lightning round: Microsoft is one of my absolute favorite stocks,"Jim Cramer fires off his take on callers' favorite stocks, including that of a popular technology company.",Microsoft,MSFT,0.1666666666666666,0.55,1,93.16000366210938,93.86000061035156,88.20272827148438
2018-02-28,19:20:00,Companies that don't value trust will 'pay a terrible price': Salesforce CEO Marc Benioff,"Jim Cramer sits down with Salesforce founder, Chairman and CEO Marc Benioff, who shares his perspective on the future of tech.",Salesforce,CRM,-1.0,-0.0777777777777777,1,117.0,116.25,116.25
2018-02-27,19:10:00,"Cramer Remix: Even on down days, HP Inc. and Hewlett Packard Enterprise continue to win",Jim Cramer highlights the growth behind HP Inc. and Hewlett Packard Enterprise.,Hewlett Packard Enterprise,HPE,0.3222222222222222,-0.4,0,18.5,18.81999969482422,15.618850708007812
2018-02-08,19:23:00,Cramer Remix: Your strategy for the stock of Nvidia in a volatile market,Jim Cramer breaks down his thoughts on Nvidia after earnings.,Nvidia,NVDA,0.0,-0.1555555555555555,0,58.470001220703125,54.380001068115234,53.81218719482422
2018-02-01,18:45:00,"Cramer pinpoints 4 stocks 'on a mission' to higher prices: Boeing, Mastercard, Idexx and Nvidia","Jim Cramer predicts that shares of Boeing, Mastercard, Idexx Laboratories and Nvidia could all hit lofty price targets in the near future.",Nvidia,NVDA,0.25,0.05,1,59.630001068115234,60.125,59.49721908569336
2018-01-19,19:05:00,Cramer's lightning round: Buy Cisco before its quarterly earnings report,"Jim Cramer shared his take on callers' favorite stocks, including a high-profile tech name about to report earnings.",Cisco,CSCO,-0.2,0.5,1,41.27999877929688,41.290000915527344,34.69035720825195
2018-01-18,19:20:00,"IBM executive says blockchain 'creates a lot of value' for manufacturers, retailers","Jim Cramer spoke with IBM's Martin Schroeter after earnings to hear his take on blockchain, bitcoin and the new tax law.",IBM,IBM,0.0,0.1363636363636363,1,162.52389526367188,161.68260192871094,121.20331573486328
2018-01-16,19:34:00,"Cramer's charts suggest Amazon, Alphabet, Netflix and Nvidia's stocks might be about to pull back",Jim Cramer examined the tech titans' weekly stock charts to determine if it's time for investors to take some profits.,Nvidia,NVDA,0.0,0.0,1,56.01250076293945,55.02750015258789,54.45292663574219
2017-12-15,19:04:00,Cramer's lightning round: Buy Cisco when it goes below $38,"Jim Cramer shared his take on callers' favorite stocks at lightning speed, including one high-profile tech name.",Cisco,CSCO,-0.2,0.5,1,38.0099983215332,38.18999862670898,31.84828758239746
2017-12-06,19:22:00,Cramer investigates Autodesk's weakness to see if the software stock is worth buying,Jim Cramer surveyed Autodesk's recent pullback after earnings to see if it's a buying opportunity or the beginnings of a broken stock.,Autodesk,ADSK,0.3,-0.2,1,105.7300033569336,106.91999816894533,106.91999816894533
2017-11-17,20:36:00,"Applied Materials CEO: 'The future of competition' is changing, and it's fueling our business",Jim Cramer caught up with Applied Materials President and CEO Gary Dickerson about his company's role in A.I. and big data.,Applied Materials,AMAT,0.0,0.0,1,60.459999084472656,56.4900016784668,52.53158187866211
2017-11-16,19:00:00,Cramer Remix: Warren Buffett selling IBM could be a sign it’s on the cusp of a turn,"Jim Cramer said the old-school tech company could be ready to make a comeback, despite the moves of Warren Buffett.",IBM,IBM,0.0,0.2,1,141.2332763671875,142.5621337890625,106.86990356445312
2017-11-16,19:08:00,Cramer: Thank Wal-Mart and Cisco's CEOs for their upside earnings surprises,Jim Cramer gave kudos to the CEOs of Wal-Mart and Cisco for their turnaround stories after better-than-expected earnings reports.,Cisco,CSCO,0.0,0.0,2,36.040000915527344,35.880001068115234,29.921878814697266
2017-11-09,19:21:00,"Cramer lists his top cybersecurity stock picks, including struggling Palo Alto Networks",Jim Cramer went over his top stock picks in the secular growth space of cybersecurity.,Palo Alto Networks,PANW,0.5,0.5,0,48.4900016784668,46.33333206176758,46.33333206176758
2017-11-07,19:58:00,Cramer: How the Salesforce-Google deal will help companies buck Amazon,"Jim Cramer explained why a Salesforce-Google combination would help companies play ""defense and offense"" against e-commerce giant Amazon.",Salesforce,CRM,0.0,0.0,1,104.94000244140624,102.72000122070312,102.72000122070312
2017-11-06,19:14:00,Salesforce CEO Marc Benioff: 'Loyalty is dead.' Here's how we're circumventing it,"Jim Cramer spoke to Salesforce.com chief Marc Benioff about customer loyalty, new technology and competition.",Salesforce,CRM,-0.2,0.1363636363636363,1,102.91999816894533,102.41999816894533,102.41999816894533
2017-11-06,19:14:00,Cramer: There's more value in the Broadcom-Qualcomm deal than analysts realize,Jim Cramer unpacked the hostile bid by Broadcom to acquire Qualcomm in what would be the largest technology deal in history.,Qualcomm,QCOM,0.5,0.0,2,64.54000091552734,62.52000045776367,52.82662963867188
2017-11-03,19:02:00,Cramer Remix: Why you should wait to hear Nvidia’s earnings before pulling the trigger,"Jim Cramer focused on Nvidia ahead of its third-quarter earnings, advising investors to listen to its conference call.",Nvidia,NVDA,0.0,0.0,1,51.79999923706055,52.17250061035156,51.59190368652344
2017-10-26,19:00:00,Cramer's lightning round: Software play Splunk doesn't live up to Salesforce,"Jim Cramer zipped through his take on callers' favorite stocks, including a smaller Salesforce competitor.",Salesforce,CRM,-0.0318181818181818,0.25,1,99.81999969482422,100.0500030517578,100.0500030517578
2017-10-25,19:01:00,Cramer Remix: Why AMD’s weak guidance could have a ripple effect on the market’s hottest sectors,"Jim Cramer broke down why he thinks AMD’s guidance could impact data centers, gaming and other red hot areas.",AMD,AMD,-0.375,-0.0076388888888888,0,12.949999809265137,12.329999923706056,12.329999923706056
2017-10-19,19:06:00,Skyworks Solutions CEO: '5G is going to solve' the world's 'digital traffic jam',Jim Cramer sat down with Skyworks Solutions CEO Liam Griffin to discuss how companies like his will tackle booming mobile growth.,Skyworks Solutions,SWKS,0.0,-0.1555555555555555,1,105.4000015258789,103.31999969482422,92.8849105834961
2017-10-18,19:51:00,"IBM will get a strong tailwind from the weak dollar, CFO Martin Schroeter says",Jim Cramer spoke with IBM CFO Martin Schroeter about the technology company's forward drivers.,IBM,IBM,0.0291666666666666,0.0,2,150.2103271484375,152.51434326171875,113.198974609375
2017-10-13,19:30:00,"Cramer: If you want to own tech and sleep at night, buy Texas Instruments",Jim Cramer presents the stock of Texas Instruments as a steady-eddie name for those seeking tamer investments in tech.,Texas Instruments,TXN,0.6,0.0,1,93.08999633789062,93.58999633789062,78.90447235107422
2017-09-28,19:10:00,"The war for A.I. leadership will be 'the biggest battle of our lifetime,' says Applied Materials CEO",Jim Cramer sits down with Applied Materials chief Gary Dickerson for the latest on the strength in display chips.,Applied Materials,AMAT,0.0,0.1722222222222222,1,48.91999816894531,50.619998931884766,47.07290267944336
2017-09-27,19:13:00,'Don't chase the ambulance:' Palo Alto Networks CEO speaks out on the epic Equifax breach,Jim Cramer sits down with cybersecurity chief Mark McLaughlin to hear his take on recent high-profile hacks.,Palo Alto Networks,PANW,0.1,-0.0777777777777777,0,46.91666793823242,46.63999938964844,46.63999938964844
2017-09-20,19:09:00,Cramer's charts indicate Nvidia's stock could be due for a pullback,Jim Cramer examines the charts of semiconductor maker Nvidia to predict the rallying stock's next moves.,Nvidia,NVDA,-0.125,0.0,1,46.875,46.459999084472656,45.942970275878906
2017-09-15,10:20:00,Red-hot Nvidia gets its most bullish Wall Street call yet due to A.I.,Evercore ISI is optimistic about Nvidia's market opportunity in artificial intelligence after meeting with the company's management.,Nvidia,NVDA,0.1875,-0.6,2,43.21500015258789,45.02750015258789,44.52640914916992
2017-09-13,19:02:00,Cramer's lightning round: Here's where Qualcomm went wrong,"Jim Cramer shares his take on callers' favorite stocks at lightning speed, including one tech name rivaling Apple.",Qualcomm,QCOM,-0.35,0.5,1,50.79999923706055,51.0099983215332,43.10117721557617
2017-08-31,19:29:00,Cramer unpacks Analog Devices' 'mosaic' of unstoppable growth drivers,"Jim Cramer outlines the bull case for Analog Devices, a semiconductor company involved in industrial, auto, wireless and consumer markets.",Analog Devices,ADI,0.0,0.0,1,84.33999633789062,83.66999816894531,74.1307373046875
2017-08-18,13:37:00,"Nike, Nvidia and other failing stocks could be signaling market shift everyone trying to forecast",Traders are looking at momentum stocks for signs of changing market sentiment.,Nvidia,NVDA,-0.125,0.0,2,40.91749954223633,40.375,39.890567779541016
2017-08-11,11:31:00,Market's hottest stock Nvidia plunges after traders didn't get perfect earnings report they expected,Wall Street is surprised over Nvidia's slowing growth in its unit that serves artificial intelligence applications.,Nvidia,NVDA,0.45,-0.25,1,39.28499984741211,38.9900016784668,38.52218246459961
2017-08-09,13:10:00,"Buy Nvidia, the market's hottest stock, before earnings due to gaming strength: Jefferies",Jefferies predicts Nvidia will report strong gaming segment sales due to Nintendo Switch demand.,Nvidia,NVDA,-0.125,0.1541666666666666,1,42.10749816894531,43.02750015258789,42.51124954223633
2017-06-21,19:01:00,"Adobe CEO: Microsoft partnership will automate sales, marketing with AI","Jim Cramer sat down with Adobe Systems CEO Shantanu Narayen to talk innovation, artificial intelligence, job creation and more.",Microsoft,MSFT,0.0,-0.0851851851851851,1,70.20999908447266,70.2699966430664,65.05081939697266
2017-06-20,18:33:00,IBM CEO Ginni Rometty says 80% of the world's data is where the 'real gold' is,Jim Cramer spoke with IBM CEO Ginni Rometty about IBM's latest transformation as a business.,IBM,IBM,0.2,0.5,1,147.68641662597656,148.13575744628906,108.79956817626952
2017-06-20,12:51:00,"A bear on the market's hottest stock, Nvidia, just threw in the towel because of a surprising reason","Nvidia shares have more than tripled in the last year, the best return of any stock in the S&P 500. ",Nvidia,NVDA,0.7,0.5,2,39.75749969482422,39.272499084472656,38.80130386352539
2017-06-13,18:51:00,Cramer's lightning round: What I'm doing with the stock of NXP Semiconductors,"Jim Cramer flies through his take on caller favorite stocks, including this semiconductor play.",NXP Semiconductors,NXPI,-0.2,0.5,1,108.4499969482422,109.11000061035156,100.92366027832033
2017-06-09,19:46:00,Cramer shares the best time to buy stock in Wall Street favorite Nvidia,Jim Cramer advises investors on how to parse Wall Street's commentary on red-hot chipmaker Nvidia.,Nvidia,NVDA,0.75,0.0,1,41.185001373291016,37.400001525878906,36.95127487182617
2017-05-31,19:02:00,HP Inc CEO says an intern helped spur 'the birth of a new category' in printing,"Jim Cramer sat down with Dion Weisler, the president and CEO of HP Inc., for more on his company's latest earnings beat.",HP Inc.,HPQ,0.1363636363636363,0.2814814814814815,1,18.950000762939453,18.76000022888184,15.363015174865724
2017-05-18,19:03:00,Salesforce CEO Marc Benioff says his company is 'crushing Oracle',"Jim Cramer spoke with Marc Benioff after his cloud company, Salesforce, reported an earnings beat.",Salesforce,CRM,0.4,0.0,0,87.87999725341797,87.75,87.75
2017-05-16,19:38:00,Cramer's charts indicate Qualcomm's struggling stock could be gearing up for a comeback,Jim Cramer turns to the charts of technician Tim Collins to see what's ahead for the telecom play.,Qualcomm,QCOM,0.0,0.0,0,55.38999938964844,55.95000076293945,46.3013801574707
2017-05-11,13:54:00,Cramer lists 4 things propelling Nvidia's booming business,"Jim Cramer says that gaming, visualization, data centers, and autos are key drivers for the future of Nvidia.",Nvidia,NVDA,0.0,0.0,1,30.012500762939453,31.625,31.21267890930176
2017-05-05,19:40:00,"Cramer: With Buffett scaling out, here's the transformational thing IBM could do next",Jim Cramer believes that IBM can now make a company-changing acquisition and buy the struggling Twitter.,IBM,IBM,0.0,0.0,1,146.76864624023438,148.23135375976562,107.81657409667967
2017-05-04,20:01:00,Intel CEO Brian Krzanich says this is the best time in history to buy a PC,Jim Cramer spoke with Intel CEO Brian Krzanich about Intel's evolving business.,Intel,INTC,1.0,0.0,2,36.9900016784668,36.84999847412109,30.932842254638672
2017-05-01,19:19:00,Salesforce CEO Marc Benioff dishes on his $400 billion job creation goal,Jim Cramer sat down with Salesforce's Marc Benioff to hear how the CEO plans to revamp today's workforce.,Salesforce,CRM,0.0,-0.1555555555555555,1,86.25,86.66000366210938,86.66000366210938
2017-04-19,19:26:00,Cramer: IBM can take a hint from these high-flying consumer names,"Jim Cramer says McDonald's, Coca-Cola, and Wal-Mart can all teach IBM something about corporate turnarounds.",IBM,IBM,0.0,0.0,1,154.64627075195312,154.579345703125,112.43376922607422
2017-04-12,19:05:00,Cramer investigates why AMD and NVDA's stocks just got rattled,Jim Cramer reveals that the selloff has less to do with business and more to do with market perception.,AMD,AMD,0.0,0.1666666666666666,0,12.9399995803833,12.760000228881836,12.760000228881836
2017-03-08,19:39:00,Cramer's lightning round: Playing a head-and-shoulders pattern on Nvidia,Jim Cramer quickly provides his take on various stocks.,Nvidia,NVDA,-0.2,0.1666666666666666,1,25.174999237060547,24.63999938964844,24.31875228881836
2017-03-03,19:26:00,Cramer's lightning round: Wait for hot money to flow out of AMD,Jim Cramer provides his opinion on stocks from callers at a rapid pace.,AMD,AMD,0.0249999999999999,0.0,1,13.550000190734863,13.029999732971191,13.029999732971191
2017-02-28,19:55:00,Salesforce CEO Marc Benioff explains why the company gave light guidance,"Jim Cramer spoke with Marc Benioff on the company's most recent quarterly report, immigration and more.",Salesforce,CRM,0.4,0.3333333333333333,1,81.5,81.3499984741211,81.3499984741211
2017-02-16,20:37:00,Top 3 takeaways Cisco’s CEO wants you to take away from its break-away quarter,Jim Cramer spoke with Chuck Robbins on the quarter that was initially misunderstood by investors.,Cisco,CSCO,0.35,0.0,1,33.2599983215332,33.599998474121094,27.28559875488281
2017-02-13,19:25:00,Intel CEO reveals what it is really like to meet with President Trump in the White House,"Jim Cramer spoke with Intel CEO Brian Krzanich, who shared what happened behind closed doors in the White House.",Intel,INTC,0.1,-0.1666666666666666,0,35.56999969482422,35.79999923706055,29.82952690124512
2017-01-26,19:09:00,ServiceNow's CEO explains the secret sauce behind 52% growth,"Jim Cramer spoke with Frank Slootman, who dished out how the company achieved remarkable growth in the fourth quarter.",ServiceNow,NOW,-0.4,0.375,1,92.01000213623048,89.4800033569336,89.4800033569336
2017-01-10,19:00:00,"If you’re obsessed with Nvidia, Cramer says to watch these 5 stocks, too","Jim Cramer is sick and tired of investor obsession with Nvidia, and lists five other stocks that could be lifted in the semiconductor tide.",Nvidia,NVDA,-0.5,-0.4130952380952381,0,26.95249938964844,26.61750030517578,26.23735618591309
2016-11-16,18:45:00,"Cramer says 'lurking buyers' propped up stocks like Disney, NVIDIA and Starbucks",Jim Cramer uncovers why buyers are snapping up big names following the election of Donald Trump.,Nvidia,NVDA,0.0,0.0,1,21.834999084472656,22.90749931335449,22.546581268310547
2016-10-06,19:26:00,Cramer: Salesforce may have called off talks with Twitter because of LinkedIn,Jim Cramer provides background on why Salesforce may have cooled on a possible acquisition of Twitter.,Salesforce,CRM,0.0,0.0,1,71.13999938964844,71.26000213623047,71.26000213623047
2016-10-04,19:42:00,"Cramer: How Salesforce can rival Amazon, Alphabet & Facebook at its own game","Jim Cramer eyes Twitter as a match for Salesforce, saying it could allow the company to beat the cloud competition.",Salesforce,CRM,0.0999999999999999,0.0,1,70.58999633789062,72.62999725341797,72.62999725341797
2016-09-01,18:57:00,Cramer: Salesforce's Benioff earned the right to be taken at face value,"Jim Cramer outlined what prompted Salesforce's stock to drop, and why he's sticking with it.",Salesforce,CRM,0.2857142857142857,0.0,1,75.44999694824219,75.91000366210938,75.91000366210938
2016-07-20,18:12:00,"Cramer: Risks for Facebook, Amazon or Microsoft in an overheated market","Jim Cramer outlines the risks and rewards to owning Facebook, Microsoft or Amazon after the historic run.",Microsoft,MSFT,0.0,0.0,1,56.150001525878906,55.90999984741211,50.494327545166016
2016-06-07,18:57:00,"Cramer: AMD might have doubled, but it's still too risky for me",Jim Cramer goes off the charts to find out why Advanced Micro Devices has suddenly come back to life.,AMD,AMD,0.0,0.1333333333333333,2,4.559999942779541,4.510000228881836,4.510000228881836
2016-06-01,18:28:00,Cramer: The money-making theme that Amazon & Salesforce have figured out,Jim Cramer identified the strongest money-making theme out there behind the companies that continue to roar higher. ,Salesforce,CRM,0.0,-0.075,2,82.06999969482422,83.44999694824219,83.44999694824219
2016-05-18,19:09:00,Salesforce CEO: Using the power of business for social change,"Jim Cramer spoke with Salesforce CEO Marc Benioff on his powerful approach to stakeholders, not just shareholders.",Salesforce,CRM,0.0333333333333333,0.3,1,76.7699966430664,77.87000274658203,77.87000274658203
2016-04-21,19:45:00,"Cramer: Alphabet, Microsoft could climb back up","Jim Cramer reviewed the earnings action on Wall Street on Thursday and thinks once the smoke clears, they could bounce back.",Microsoft,MSFT,0.0,0.05,1,55.79999923706055,55.77999877929688,50.02701950073242
2016-04-20,19:34:00,Cramer: Intel could split in two,Jim Cramer makes the case as to why he thinks Intel could be about to break-up and unlock further shareholder value.,Intel,INTC,0.0,0.0,1,31.31999969482422,32.0,25.85433578491211
2016-04-19,19:17:00,"Cramer: Damage to IBM, Netflix hard to reverse",Jim Cramer analyzed why IBM and Netflix were put through the meat grinder this week. ,IBM,IBM,-0.2916666666666667,0.0,1,140.0286865234375,137.66729736328125,96.67803955078124
2016-04-15,18:36:00,Cramer's tax day showdown: Intuit vs. H&R Block,"Jim Cramer compares the two largest tax titans in the biz, and crowns only one king.",Intuit,INTU,0.0,0.0,1,103.16999816894533,102.83000183105467,96.84690856933594
2016-04-11,19:34:00,Cramer: The secret to Accenture's sauce,"Jim Cramer always says never own a stock if you don't know what it does. So, what does Accenture really do and why is it so successful?",Accenture,ACN,-0.4,0.2166666666666666,1,112.94000244140624,113.0999984741211,99.51990509033205
2016-02-25,13:16:00,"Lightning Round: Krispy Kreme, Citigroup & Qorvo","Jim Cramer rattles off his take on caller favorite stocks, including this stock that is in a world of pain right now.",Qorvo,QRVO,-0.2,0.3928571428571428,1,42.310001373291016,42.66999816894531,42.66999816894531
2016-02-18,19:14:00,Cramer: IBM valued higher than Apple—Insanity!,"Jim Cramer was shocked when IBM rallied on Thursday, giving it a higher value than Apple. Could this be the right time to make a play on value?",IBM,IBM,0.3125,-0.0547619047619047,2,124.2829818725586,126.62523651123048,88.92366027832031
2016-02-03,18:44:00,Salesforce CEO: The key to extraordinary growth,"Jim Cramer speaks to the CEO of Salesforce, who reveals how his company has grown so fast and where it's headed in the future.",Salesforce,CRM,0.1666666666666666,0.1,2,65.41999816894531,65.33999633789062,65.33999633789062
